study_id,cycle,d_round_1,d_round_2,d_round_3,d_round_4,d_round_5,d_round_6,d_round_7,d_round_8,d_round_9,d_round_10,d_round_11,d_round_12,d_round_13,d_round_14,d_round_15,d_round_16,d_round_17,d_round_18,d_round_19,d_round_20,d_round_21,d_round_22,d_round_23,d_round_24,d_round_25,d_round_26,d_round_27,d_round_28,d_round_29,d_round_30,control_round_1,intervention_round_1,control_round_2,intervention_round_2,control_round_3,intervention_round_3,control_round_4,intervention_round_4,control_round_5,intervention_round_5,control_round_6,intervention_round_6,control_round_7,intervention_round_7,control_round_8,intervention_round_8,control_round_9,intervention_round_9,control_round_10,intervention_round_10,control_round_11,intervention_round_11,control_round_12,intervention_round_12,control_round_13,intervention_round_13,control_round_14,intervention_round_14,control_round_15,intervention_round_15,control_round_16,intervention_round_16,control_round_17,intervention_round_17,control_round_18,intervention_round_18,control_round_19,intervention_round_19,control_round_20,intervention_round_20,control_round_21,intervention_round_21,control_round_22,intervention_round_22,control_round_23,intervention_round_23,control_round_24,intervention_round_24,control_round_25,intervention_round_25,control_round_26,intervention_round_26,control_round_27,intervention_round_27,control_round_28,intervention_round_28,control_round_29,intervention_round_29,control_round_30,intervention_round_30
Arana_1,single nudge,0.331431266033829,0.120289882394788,0.0800213487079779,0.0800213487079779,0.0800213487079779,0.0800213487079779,0.0800213487079779,0.0800213487079779,0.0800213487079779,0.0800213487079779,0.0800213487079779,0.0800213487079779,0.0800213487079779,0.0800213487079779,0.0800213487079779,0.0800213487079779,0.0800213487079779,0.0800213487079779,0.0800213487079779,0.0800213487079779,0.0800213487079779,0.0800213487079779,0.0800213487079779,0.0800213487079779,0.0800213487079779,0.0800213487079779,0.0800213487079779,0.0800213487079779,0.0800213487079779,0.0800213487079779,0.54,0.7,0.5,0.56,0.48,0.52,0.48,0.52,0.48,0.52,0.48,0.52,0.48,0.52,0.48,0.52,0.48,0.52,0.48,0.52,0.48,0.52,0.48,0.52,0.48,0.52,0.48,0.52,0.48,0.52,0.48,0.52,0.48,0.52,0.48,0.52,0.48,0.52,0.48,0.52,0.48,0.52,0.48,0.52,0.48,0.52,0.48,0.52,0.48,0.52,0.48,0.52,0.48,0.52,0.48,0.52,0.48,0.52,0.48,0.52
Bamberg_1,single nudge,0.0461962382913556,0.2211214634013136,0.0891378663371,0.0440818273283352,0.0873307799591831,0.0440818273283352,0.0440818273283352,0.0440818273283352,0.0440818273283352,0.0440818273283352,0.0440818273283352,0.0440818273283352,0.0440818273283352,0.0440818273283352,0.0440818273283352,0.0440818273283352,0.0440818273283352,0.0440818273283352,0.0440818273283352,0.0440818273283352,0.0440818273283352,0.0440818273283352,0.0440818273283352,0.0440818273283352,0.0440818273283352,0.0873307799591831,0.0873307799591831,0.0873307799591831,0.0873307799591831,0.0440818273283352,0.74,0.76,0.66,0.76,0.7,0.74,0.7,0.72,0.68,0.72,0.7,0.72,0.7,0.72,0.7,0.72,0.7,0.72,0.7,0.72,0.7,0.72,0.7,0.72,0.7,0.72,0.7,0.72,0.7,0.72,0.7,0.72,0.7,0.72,0.7,0.72,0.7,0.72,0.7,0.72,0.7,0.72,0.7,0.72,0.7,0.72,0.7,0.72,0.7,0.72,0.68,0.72,0.68,0.72,0.68,0.72,0.68,0.72,0.7,0.72
Bamberg_2,single nudge,0.0816751980870529,0.0,0.0,-0.0425384061420099,-0.0425384061420099,-0.0425384061420099,-0.0425384061420099,-0.0425384061420099,-0.0425384061420099,-0.0425384061420099,-0.0425384061420099,-0.0425384061420099,-0.0425384061420099,-0.0425384061420099,-0.0425384061420099,0.0,-0.0425384061420099,-0.0425384061420099,-0.0425384061420099,-0.0425384061420099,-0.0425384061420099,-0.0425384061420099,-0.0425384061420099,-0.0425384061420099,-0.0425384061420099,0.0,-0.0425384061420099,-0.0425384061420099,-0.0425384061420099,-0.0425384061420099,0.58,0.62,0.66,0.66,0.64,0.64,0.68,0.66,0.68,0.66,0.68,0.66,0.68,0.66,0.68,0.66,0.68,0.66,0.68,0.66,0.68,0.66,0.68,0.66,0.68,0.66,0.68,0.66,0.68,0.66,0.66,0.66,0.68,0.66,0.68,0.66,0.68,0.66,0.68,0.66,0.68,0.66,0.68,0.66,0.68,0.66,0.68,0.66,0.68,0.66,0.66,0.66,0.68,0.66,0.68,0.66,0.68,0.66,0.68,0.66
Bamberg_3,single nudge,0.0,0.0,0.0,0.0,0.0,0.0,0.0,0.0,0.0,0.0,0.0,0.0,0.0,0.0,0.0,0.0,0.0,0.0,0.0,0.0,0.0,0.0,0.0,0.0,0.0,0.0,0.0,0.0,0.0,0.0,1.0,1.0,1.0,1.0,1.0,1.0,1.0,1.0,1.0,1.0,1.0,1.0,1.0,1.0,1.0,1.0,1.0,1.0,1.0,1.0,1.0,1.0,1.0,1.0,1.0,1.0,1.0,1.0,1.0,1.0,1.0,1.0,1.0,1.0,1.0,1.0,1.0,1.0,1.0,1.0,1.0,1.0,1.0,1.0,1.0,1.0,1.0,1.0,1.0,1.0,1.0,1.0,1.0,1.0,1.0,1.0,1.0,1.0,1.0,1.0
Bohm_1,single nudge,0.2353141108902874,0.2257245222198085,0.2002249755371656,0.1385560211819006,0.0730218745840731,0.0251653271912472,0.0034913613294908,-0.0365572449575352,-0.0168068247644459,-0.048744584076077,-0.0459062552701081,-0.057579547303704,-0.0422125642104439,-0.0332769187573232,-0.0101734971195478,-0.0078399643648658,0.0068532322244393,0.0281614074892721,0.0356360650946514,0.0235258338271427,0.041120327908042,0.0254355462037024,0.0367412462927049,0.0486722575382152,0.0477834724807014,0.0568878956809578,0.048956928244458,0.0655877011955491,0.0521278025688488,0.058864795912668,27.3,30.5,29.89,33.18,30.9,33.98,32.76,35.1,34.04,35.36,34.84,35.32,35.62,35.69,36.32,35.57,36.42,36.07,37.06,36.03,36.94,35.98,37.48,36.26,37.54,36.64,37.66,36.94,37.38,37.16,37.53,37.36,37.64,37.79,37.5,38.12,37.58,38.37,38.04,38.56,37.86,38.78,38.39,38.96,38.72,39.56,38.59,39.7,38.59,39.67,38.71,40.01,38.93,40.05,38.85,40.35,39.31,40.52,39.41,40.77
Bruns_1,single nudge,0.7225728144152442,0.2667843223823699,0.0470040875548592,-0.1086489536865631,-0.208300033778564,-0.3103751008273869,-0.292920363626448,-0.2937445063921552,-0.2958356875340064,-0.3062177088425417,-0.2942007604895348,-0.2952456592202638,-0.2949938684054594,-0.2583950812573993,-0.2815686397246762,-0.2949938684054595,-0.2434078432623497,-0.265355577184566,-0.2939516312990028,-0.2952456592202638,-0.2960472708020309,-0.2908899768912619,-0.3265532997825771,-0.3131246929816207,-0.3251349154791305,-0.3257630227041215,-0.3232062353424544,-0.3117585415107083,-0.2958860695309271,-0.296868494936538,3.08,4.54,3.06,3.54,3.1,3.18,3.2,3.02,3.16,2.8,3.22,2.7,3.14,2.64,3.16,2.66,3.16,2.66,3.18,2.66,3.12,2.62,3.12,2.62,3.14,2.64,3.12,2.68,3.12,2.64,3.14,2.64,3.12,2.7,3.12,2.66,3.14,2.64,3.12,2.62,3.14,2.64,3.14,2.64,3.14,2.58,3.12,2.58,3.16,2.6,3.12,2.56,3.14,2.58,3.14,2.6,3.1,2.58,3.1,2.58
Camilleri_1,single nudge,-0.0833636362556666,0.3216478031851189,0.04007490567967,0.1601711600673179,0.0800855800336588,0.1635042268135398,0.0800855800336588,0.200375462428447,0.0800855800336588,0.0,0.0400106743539889,0.0400749056796698,0.1606906529519103,0.120289882394788,0.0,-0.0400106743539889,-0.0404007705571223,0.0400106743539889,0.0,0.120289882394788,0.0,0.0,-0.1212723407566718,-0.0400106743539889,0.0,-0.080279208040799,0.0,-0.0800213487079779,0.120289882394788,-0.0400106743539889,0.38,0.34,0.44,0.6,0.46,0.48,0.46,0.54,0.5,0.54,0.56,0.64,0.5,0.54,0.46,0.56,0.5,0.54,0.54,0.54,0.5,0.52,0.52,0.54,0.5,0.58,0.5,0.56,0.54,0.54,0.5,0.48,0.58,0.56,0.5,0.52,0.5,0.5,0.5,0.56,0.54,0.54,0.54,0.54,0.6,0.54,0.52,0.5,0.52,0.52,0.56,0.52,0.56,0.56,0.52,0.48,0.5,0.56,0.52,0.5
Camilleri_2,single nudge,-0.2630568414876162,-0.200375462428447,0.0,0.0,0.0400749056796698,-0.0400749056796698,0.0400106743539889,0.0400106743539889,0.0800213487079779,-0.080085580033659,0.0,0.1603005567487769,0.1603005567487772,0.1613472464363419,0.080085580033659,0.1603005567487772,0.1601711600673179,0.1200962543876478,0.1603005567487772,-0.04007490567967,0.2405797647895762,0.280980535346699,0.2407762329855693,0.200375462428447,0.1200962543876478,0.2007013273058993,0.200375462428447,0.4444847621602388,0.2809805353466985,0.2023551766849742,0.36,0.24,0.54,0.44,0.5,0.5,0.48,0.48,0.52,0.54,0.54,0.52,0.5,0.52,0.5,0.52,0.48,0.52,0.5,0.46,0.52,0.52,0.48,0.56,0.44,0.52,0.4,0.48,0.46,0.5,0.44,0.52,0.46,0.54,0.48,0.54,0.44,0.52,0.48,0.46,0.44,0.56,0.42,0.56,0.46,0.58,0.46,0.56,0.48,0.54,0.48,0.58,0.46,0.56,0.42,0.64,0.44,0.58,0.52,0.62
Camilleri_3,single nudge,0.0509971568332715,0.2479780110418519,0.2101589252771574,0.3682678934366401,0.3755130933621644,0.4082785677906291,0.3282572190826511,0.288182313402981,0.4115168460674883,0.3314312660338292,0.288182313402981,0.3314312660338292,0.288182313402981,0.3715061717134993,0.245643907260971,0.3715061717134993,0.3314312660338292,0.3314312660338292,0.3755130933621644,0.3314312660338292,0.288182313402981,0.3314312660338292,0.288182313402981,0.3282572190826511,0.3314312660338292,0.2912269636727,0.2075772404847291,0.288182313402981,0.3314312660338292,0.3314312660338292,0.18,0.2,0.32,0.44,0.3,0.4,0.32,0.5,0.28,0.46,0.32,0.52,0.32,0.48,0.32,0.46,0.3,0.5,0.3,0.46,0.32,0.46,0.3,0.46,0.32,0.46,0.3,0.48,0.34,0.46,0.3,0.48,0.3,0.46,0.3,0.46,0.28,0.46,0.3,0.46,0.32,0.46,0.3,0.46,0.32,0.46,0.32,0.48,0.3,0.46,0.3,0.44,0.32,0.42,0.32,0.46,0.3,0.46,0.3,0.46
Camilleri_4,single nudge,0.132386818967948,0.080085580033659,0.1603005567487772,0.0,0.1606906529519109,0.2013579207903308,0.1202898823947882,0.1202898823947882,0.080085580033659,0.080085580033659,0.1606906529519109,0.1601711600673179,0.0400106743539889,0.200375462428447,0.080085580033659,0.04007490567967,0.0800213487079779,0.080085580033659,0.120096254387648,0.0800213487079779,0.0400106743539889,0.080085580033659,0.0400106743539889,0.0800213487079779,0.1200962543876478,0.0800213487079779,0.1601711600673179,0.0400106743539889,0.120096254387648,0.0800213487079779,0.26,0.32,0.46,0.5,0.44,0.52,0.48,0.48,0.42,0.5,0.4,0.5,0.44,0.5,0.44,0.5,0.46,0.5,0.46,0.5,0.42,0.5,0.46,0.54,0.48,0.5,0.46,0.56,0.46,0.5,0.46,0.48,0.48,0.52,0.46,0.5,0.46,0.52,0.48,0.52,0.5,0.52,0.46,0.5,0.48,0.5,0.48,0.52,0.48,0.54,0.48,0.52,0.46,0.54,0.48,0.5,0.46,0.52,0.48,0.52
Catlin_1,single nudge,-0.2783323678627976,-0.666930537444395,-0.6748973854119301,-0.7963380224021355,-0.7921137652157366,-0.7842305665795287,-0.8024999870720015,-0.8102021043390957,-0.8052107976302515,-0.7946799632855416,-0.8010410594603984,-0.7978425419512746,-0.7936274506920626,-0.8019913484201526,-0.799671005272178,-0.7993110536433574,-0.7924346539386664,-0.796128828427366,-0.7961892018768647,-0.7905228094460646,-0.7962227107272177,-0.8082069488683352,-0.8084037040732072,-0.8041549391122783,-0.8019846385221778,-0.8006467525510479,-0.8001602117037279,-0.8021318092235385,-0.8010152860244218,-0.8018290972804545,22.08,26.84,19.3,30.08,18.536,29.92,17.368,30.24,17.18,29.9,17.094,29.74,17.13,30.1,17.006,30.08,17.096,30.11,17.166,30.06,17.046,30.02,17.182,30.1,17.194000000000003,30.124,17.094000000000005,30.074,17.116000000000003,30.062,17.110000000000003,29.934,17.188000000000002,30.072,17.200000000000003,30.172,17.156000000000002,30.09,17.227999999999998,30.084,17.144,30.104,17.078000000000003,30.106000000000005,17.088,30.116000000000003,17.13,30.126000000000005,17.168000000000003,30.122000000000003,17.164,30.126000000000005,17.148000000000003,30.178,17.150000000000002,30.124,17.168000000000003,30.108,17.174,30.152
Demarque_1,single nudge,0.9053911265638842,0.360306022418433,0.2015290742466017,0.140351317992784,0.2041573683014329,0.2317931624863828,0.2097379911643475,0.2097379911643475,0.2317931624863828,0.2317931624863828,0.2317931624863828,0.2317931624863828,0.2317931624863828,0.2317931624863828,0.2317931624863828,0.2317931624863828,0.2503155208403583,0.2317931624863828,0.2317931624863828,0.2317931624863828,0.2070029043978607,0.2317931624863828,0.2317931624863828,0.2317931624863828,0.2317931624863828,0.2317931624863828,0.2317931624863828,0.2317931624863828,0.2317931624863828,0.2536891975532735,2.04,2.9,1.94,2.24,1.92,2.1,1.94,2.06,1.9,2.08,1.88,2.08,1.9,2.08,1.9,2.08,1.88,2.08,1.88,2.08,1.88,2.08,1.88,2.08,1.88,2.08,1.88,2.08,1.88,2.08,1.88,2.08,1.86,2.08,1.88,2.08,1.88,2.08,1.88,2.08,1.88,2.06,1.88,2.08,1.88,2.08,1.88,2.08,1.88,2.08,1.88,2.08,1.88,2.08,1.88,2.08,1.88,2.08,1.86,2.08
Demarque_2,single nudge,0.2161836134510591,0.2667675048879552,0.3313358122253496,0.3355386160783211,0.391640235668428,0.3573154072447098,0.3743971480251868,0.3573154072447098,0.3791174194916257,0.3743971480251868,0.3743971480251868,0.3743971480251868,0.3743971480251868,0.3743971480251868,0.3743971480251868,0.3743971480251868,0.3743971480251868,0.3743971480251868,0.3743971480251868,0.3743971480251868,0.3959797974644664,0.3959797974644664,0.3743971480251868,0.3743971480251868,0.3743971480251868,0.3743971480251868,0.3743971480251868,0.3743971480251868,0.3743971480251868,0.3743971480251868,2.16,2.34,1.7,1.94,1.64,1.94,1.64,1.94,1.58,1.92,1.62,1.94,1.6,1.94,1.62,1.94,1.6,1.94,1.6,1.94,1.6,1.94,1.6,1.94,1.6,1.94,1.6,1.94,1.6,1.94,1.6,1.94,1.6,1.94,1.6,1.94,1.6,1.94,1.6,1.94,1.58,1.94,1.58,1.94,1.6,1.94,1.6,1.94,1.6,1.94,1.6,1.94,1.6,1.94,1.6,1.94,1.6,1.94,1.6,1.94
Demarque_3,single nudge,0.3521807064562172,0.1133018392853073,0.0692255447007808,0.0457360064269361,0.0224035848603894,0.0228042066006252,0.0461190513973407,0.0449165750400662,0.0,0.0228042066006252,0.0449165750400662,0.0228042066006252,0.0449165750400662,0.0228042066006252,0.0449165750400662,0.0449165750400662,0.0221221216131989,0.043803503749967,0.0449165750400662,0.0222222222222222,0.0222222222222222,0.0222222222222222,0.0222222222222222,0.0449165750400662,0.0215896218517221,0.0222222222222222,0.043803503749967,0.0215896218517221,0.0215896218517221,0.0,1.88,2.24,1.74,1.84,1.7,1.76,1.68,1.72,1.66,1.68,1.68,1.7,1.66,1.7,1.66,1.7,1.68,1.68,1.68,1.7,1.66,1.7,1.68,1.7,1.66,1.7,1.68,1.7,1.66,1.7,1.66,1.7,1.66,1.68,1.66,1.7,1.66,1.7,1.68,1.7,1.68,1.7,1.68,1.7,1.68,1.7,1.66,1.7,1.66,1.68,1.68,1.7,1.66,1.7,1.66,1.68,1.66,1.68,1.66,1.66
Demarque_4,single nudge,-2.119215120574768,-0.8620416322105053,-0.8336416788725616,-0.8266921969185297,-0.7214429634274645,-0.7762032803490451,-0.8494690329782538,-0.8419505748606249,-0.8067008170638439,-0.7978389106956457,-0.7903720813524793,-0.8298485697093467,-0.7972716738552222,-0.8298485697093467,-0.8298485697093467,-0.8409039363569141,-0.8409039363569141,-0.8298485697093467,-0.8016525682293417,-0.8102047428062487,-0.8110673335797287,-0.8102047428062487,-0.8036601708140424,-0.8061936408385382,-0.8154632585382723,-0.8102047428062487,-0.8016525682293416,-0.8069125522577266,-0.8102047428062487,-0.8102047428062487,3.48,0.64,3.4,2.04,3.24,1.96,3.36,2.06,3.28,2.12,3.24,2.02,3.32,1.98,3.32,2.0,3.3,2.0,3.3,2.04,3.28,2.02,3.3,2.0,3.26,1.98,3.3,2.0,3.3,2.0,3.3,1.98,3.3,1.98,3.3,2.0,3.24,1.98,3.26,1.98,3.28,2.0,3.26,1.98,3.26,1.98,3.24,1.96,3.28,1.98,3.26,1.98,3.24,1.98,3.26,1.98,3.26,1.98,3.26,1.98
Demarque_5,single nudge,0.6987888647993921,-0.0954514640391479,-0.167551970062227,-0.1425162475966006,-0.1365898801023619,-0.1369160869941499,-0.1231105262366923,-0.1194706257233112,-0.0687417043189269,-0.1161355928009221,-0.0935414346693486,-0.1161355928009221,-0.0935414346693486,-0.0935414346693486,-0.0935414346693486,-0.0935414346693486,-0.0935414346693486,-0.0935414346693486,-0.0687417043189269,-0.0935414346693486,-0.0935414346693486,-0.0696813556805533,-0.0935414346693486,-0.0935414346693486,-0.0935414346693486,-0.1161355928009221,-0.0935414346693486,-0.0935414346693486,-0.1161355928009221,-0.0935414346693486,1.94,2.64,2.14,2.06,2.1,1.96,2.02,1.9,2.06,1.94,2.0,1.88,2.02,1.92,2.02,1.92,1.98,1.92,2.02,1.92,2.0,1.92,2.02,1.92,2.0,1.92,2.0,1.92,2.0,1.92,2.0,1.92,2.0,1.92,2.0,1.92,1.98,1.92,2.0,1.92,2.0,1.92,1.98,1.92,2.0,1.92,2.0,1.92,2.0,1.92,2.02,1.92,2.0,1.92,2.0,1.92,2.02,1.92,2.0,1.92
Demarque_6,single nudge,0.3219451403205664,0.0425710903622143,0.0980869435650756,0.1233162460980878,0.1233162460980878,0.1178316490619612,0.0808964795319783,0.0808964795319783,0.1451095647867135,0.1233162460980878,0.1451095647867135,0.1233162460980878,0.1233162460980878,0.1233162460980878,0.1233162460980878,0.1233162460980878,0.1008578525191817,0.1233162460980878,0.1233162460980878,0.1420289855072465,0.1603275336078832,0.1233162460980878,0.1233162460980878,0.1420289855072465,0.1200735369285646,0.1420289855072465,0.1233162460980878,0.1233162460980878,0.1420289855072465,0.1233162460980878,1.92,2.26,1.86,1.9,1.78,1.88,1.72,1.84,1.72,1.84,1.74,1.86,1.76,1.84,1.76,1.84,1.7,1.84,1.72,1.84,1.7,1.84,1.72,1.84,1.72,1.84,1.72,1.84,1.72,1.84,1.72,1.84,1.74,1.84,1.72,1.84,1.72,1.84,1.7,1.84,1.68,1.84,1.72,1.84,1.72,1.84,1.7,1.84,1.7,1.82,1.7,1.84,1.72,1.84,1.72,1.84,1.7,1.84,1.72,1.84
Demarque_7,single nudge,-2.227090250978953,-1.2312674451497274,-1.0597457682140508,-1.0265980892875337,-1.05457996337421,-0.993777318406142,-1.0230602943769245,-1.0108258547337303,-1.0473739771743498,-1.0325206959112556,-1.0325206959112556,-1.0387675419604374,-1.0010416258106074,-1.0387675419604374,-1.051030427590099,-1.0445276711897498,-1.0387675419604374,-1.0387675419604374,-1.0325206959112556,-1.0387675419604374,-1.0325206959112556,-1.0325206959112556,-1.0387675419604374,-1.0325206959112556,-1.0325206959112556,-1.0325206959112556,-1.0139532239247466,-1.0355465495798577,-1.0016145649982544,-1.0355465495798577,4.5,0.52,4.34,2.06,4.16,2.18,4.02,2.16,4.06,2.14,4.04,2.18,3.98,2.14,4.0,2.16,4.0,2.1,4.0,2.14,4.0,2.14,4.02,2.14,3.96,2.14,4.02,2.14,4.02,2.12,4.02,2.12,4.02,2.14,4.02,2.14,4.0,2.14,4.02,2.14,4.0,2.14,4.0,2.14,4.02,2.14,4.0,2.14,4.0,2.14,4.0,2.14,4.0,2.16,4.02,2.14,4.0,2.16,4.02,2.14
Demarque_8,single nudge,-1.9732703710706283,-0.8055782530822694,-0.8380207449249606,-0.7863741345415567,-0.8037451278419017,-0.8176570172966743,-0.8434335948716818,-0.8374257287004635,-0.8344695427988398,-0.847148562259092,-0.847148562259092,-0.8380207449249606,-0.8380207449249606,-0.847148562259092,-0.8380207449249606,-0.8380207449249606,-0.847148562259092,-0.8380207449249606,-0.8380207449249606,-0.8380207449249606,-0.8380207449249606,-0.8380207449249606,-0.8380207449249606,-0.8380207449249606,-0.8380207449249606,-0.8223977311307552,-0.8404135565476218,-0.8380207449249606,-0.8223977311307552,-0.8380207449249606,4.06,0.9,3.68,2.26,3.6,2.18,3.6,2.24,3.62,2.24,3.6,2.24,3.62,2.2,3.62,2.2,3.62,2.2,3.62,2.18,3.62,2.18,3.6,2.18,3.6,2.18,3.62,2.18,3.6,2.18,3.6,2.18,3.62,2.18,3.6,2.18,3.6,2.18,3.6,2.18,3.6,2.18,3.6,2.18,3.6,2.18,3.6,2.18,3.6,2.18,3.6,2.2,3.62,2.2,3.6,2.18,3.6,2.2,3.6,2.18
Dickerson_1,single nudge,0.1291543691240442,0.1156633673122625,0.160264301445763,0.1205595966699148,0.0545545056946408,0.0430416891562753,-0.0251183099420395,0.0085676225372222,-0.0014919905360537,0.0253727597943669,0.0156057160899,-0.0010325466202325,0.0127883913184225,-0.0004105324895006,0.0155100620318461,-0.0,0.0056663801705284,-0.0171620938894279,-0.0042404316373506,-0.0054400732370091,-0.0072440750152942,-0.0032290613862317,-0.0186188348786695,-0.0124655750257338,-0.0052218291801457,0.0100106944782883,-0.001813905673406,-0.0198750648670103,-0.01706492196383,0.0008186073903822,364.8,350.4,310.4,300.2,301.9,288.0,290.4,279.8,284.9,279.9,282.4,278.4,276.4,278.8,279.26,278.44,278.2,278.34,279.3,276.86,278.52,277.02,276.82,276.92,277.6,276.36,276.0,276.04,277.46,275.94,276.1,276.1,276.44,275.88,274.38,276.08,275.42,275.84,275.66,276.2,275.5,276.22,275.98,276.3,274.42,276.28,275.08,276.32,276.16,276.68,277.26,276.26,276.26,276.44,274.7,276.68,275.04,276.74,275.48,275.4
Dickerson_2,single nudge,-0.2276105006568856,0.221920327507133,0.0351897731845149,0.0629295447381112,-0.0316352686967907,-0.1148162867197726,-0.076149238783574,-0.1258953466808434,-0.1427166305379825,-0.1954345228226046,-0.1502057986019303,-0.1515168028085604,-0.2119603259348025,-0.2220848498915554,-0.1997594903018364,-0.240156284809051,-0.2232567209896001,-0.2497522476892768,-0.226891474465214,-0.2443940513373866,-0.2500951944070887,-0.2720779153821122,-0.2735089819217078,-0.2758040892813873,-0.2775887814085581,-0.2781296949568251,-0.2963502910553161,-0.280680944479324,-0.2758141944362116,-0.2837599577272256,268.7,275.7,275.84,270.8,272.82,272.0,273.7,272.16,271.62,272.46,271.02,274.2,271.34,273.56,270.3,273.96,270.12,274.32,268.46,274.38,268.98,273.64,268.58,273.46,267.64,274.2,267.7,274.54,267.52,273.86,266.78,274.38,267.1,274.24,266.28,274.3,266.62,274.0,266.24,274.2,267.68,275.22,266.34,275.02,266.34,275.12,265.94,274.8,265.98,274.82,265.76,274.74,265.48,275.14,265.54,274.76,265.4,274.46,265.48,274.82
Everett_1,single nudge,0.4027158415806615,-0.120096254387648,-0.120096254387648,-0.200375462428447,-0.1601711600673179,-0.2407762329855698,-0.1601711600673179,-0.200375462428447,-0.1601711600673179,-0.2407762329855698,-0.1601711600673179,-0.1601711600673179,-0.1601711600673179,-0.1601711600673179,-0.200375462428447,-0.200375462428447,-0.2407762329855698,-0.200375462428447,-0.200375462428447,-0.200375462428447,-0.200375462428447,-0.200375462428447,-0.2814435008239897,-0.2814435008239897,-0.2407762329855698,-0.2407762329855698,-0.2007013273058999,-0.2407762329855698,-0.2407762329855698,-0.2407762329855698,0.4,0.6,0.52,0.46,0.52,0.46,0.54,0.44,0.54,0.46,0.54,0.42,0.54,0.46,0.54,0.44,0.54,0.46,0.54,0.42,0.54,0.46,0.54,0.46,0.54,0.46,0.54,0.46,0.54,0.44,0.54,0.44,0.54,0.42,0.54,0.44,0.54,0.44,0.54,0.44,0.54,0.44,0.54,0.44,0.54,0.4,0.54,0.4,0.54,0.42,0.54,0.42,0.52,0.42,0.54,0.42,0.54,0.42,0.54,0.42
Gong_1,single nudge,0.304767370198681,0.2689273150144915,0.212549085438447,0.3813639348274451,0.1155504803556333,0.4735822195876791,0.3537821135785157,0.529011249758057,0.3027849567452443,0.2689273150144915,0.3813639348274451,0.6435011087932851,0.3537821135785157,0.4504322716758562,0.3537821135785157,0.4504322716758562,0.3329094180005501,0.2495205877118795,0.3329094180005501,0.4323610916607165,0.3280995657940804,0.4814764004529386,0.529011249758057,0.4735822195876791,0.4504322716758562,0.529011249758057,0.4814764004529386,0.529011249758057,0.529011249758057,0.4028974223707378,0.88,0.96,0.78,0.88,0.88,0.94,0.82,0.94,0.84,0.88,0.82,0.96,0.8,0.92,0.76,0.94,0.82,0.92,0.78,0.88,0.82,0.94,0.8,0.98,0.8,0.92,0.76,0.92,0.8,0.92,0.76,0.92,0.78,0.9,0.84,0.92,0.78,0.9,0.8,0.94,0.84,0.94,0.78,0.94,0.76,0.94,0.82,0.96,0.76,0.92,0.76,0.94,0.78,0.94,0.76,0.94,0.76,0.94,0.78,0.92
Handgraaf_1,single nudge,0.0157552821360271,0.1513149441975116,0.0884279195718652,0.0549905317822181,-0.0248888200606423,-0.0825074396733225,-0.1567556897449645,-0.2041886041875978,-0.2301106674602011,-0.2629503368336515,-0.2801768933288666,-0.3205180111744218,-0.3254188377066767,-0.347377677658283,-0.3665936987395635,-0.3809192882387866,-0.3499663743663426,-0.3881294560109775,-0.4310857577221686,-0.3919178083500123,-0.4174387982149601,-0.4043044673351461,-0.4109071228700827,-0.4257296308312808,-0.4426802882070267,-0.3810472100971988,-0.4257294259729207,-0.3673008396339425,-0.4191521609579546,-0.4227047848893187,15.76,15.92,13.4,14.66,12.52,13.22,11.68,12.12,11.32,11.12,11.1,10.42,11.1,9.78,11.04,9.3,10.96,9.0,10.9,8.66,10.72,8.38,10.62,7.96,10.56,7.86,10.6,7.72,10.56,7.54,10.54,7.42,10.5,7.66,10.54,7.42,10.8,7.34,10.44,7.26,10.52,7.16,10.38,7.18,10.46,7.2,10.42,7.08,10.62,7.1,10.56,7.48,10.56,7.2,10.86,7.9,10.6,7.3,10.56,7.24
Hershfield_1,single nudge,0.0864356046903669,0.1310903393417709,0.0018532645440357,0.0591259577649253,0.0179701744576291,0.0476225699424508,0.0447722783814607,0.0650232658138752,0.036614519483596,0.0535823294862904,0.0500736825984875,0.0271161800696727,0.0465391266017126,0.0460574049711502,0.0575955554101045,0.0408565675564698,0.0339362778035071,0.0473712639583943,0.0505272869830221,0.0320480764696679,0.0419164081410068,0.0376134270848309,0.0324645028968949,0.0117857521887734,0.0254028685398223,0.0168703843070923,0.025213645282965,0.035694097758682,0.0287088705612486,0.0269916742428232,12.9,13.7,12.2,13.52,12.86,12.88,12.56,13.2,12.92,13.12,13.22,13.78,12.98,13.5,12.96,13.72,12.92,13.34,12.9,13.52,12.78,13.36,12.96,13.28,12.86,13.4,12.88,13.42,12.8,13.48,13.0,13.48,13.1,13.5,12.94,13.5,12.9,13.5,13.04,13.42,12.96,13.46,12.86,13.3,12.88,13.26,13.18,13.32,12.94,13.24,13.14,13.34,13.02,13.32,12.82,13.24,13.0,13.34,13.02,13.34
Kesternich_1,single nudge,0.1879024353974611,-0.1001124656254938,-0.0491153087922222,-0.0491153087922222,-0.1001124656254938,-0.0491153087922222,-0.0491153087922222,-0.1001124656254938,-0.1001124656254938,0.0,-0.0491153087922222,-0.0491153087922222,-0.0491153087922222,-0.0491153087922222,-0.193843553221968,-0.1476473149306119,-0.0491153087922222,-0.0509971568332715,-0.1001124656254938,-0.0509971568332715,-0.0509971568332715,-0.0509971568332715,-0.0509971568332715,-0.0509971568332715,-0.0509971568332715,-0.1001124656254938,-0.0509971568332715,-0.0509971568332715,-0.0509971568332715,-0.0509971568332715,0.2,0.28,0.22,0.18,0.22,0.2,0.22,0.2,0.22,0.18,0.22,0.2,0.22,0.2,0.22,0.18,0.22,0.18,0.2,0.2,0.22,0.2,0.22,0.2,0.22,0.2,0.22,0.2,0.26,0.18,0.24,0.18,0.22,0.2,0.2,0.18,0.22,0.18,0.2,0.18,0.2,0.18,0.2,0.18,0.2,0.18,0.2,0.18,0.2,0.18,0.22,0.18,0.2,0.18,0.2,0.18,0.2,0.18,0.2,0.18
Klotz_1,single nudge,1.8859150673747969,1.2931167473762528,0.9987693635479468,0.8131467164631082,0.7187266627637853,0.6753860331943004,0.6817920507766745,0.6943324217557331,0.6959003361723519,0.6645809244330358,0.6676100190374886,0.6732637719661245,0.6569573010405554,0.6362471268918647,0.6670078419631777,0.6198874912198946,0.6184788352642941,0.6168190155770058,0.5874065472899543,0.5842697189231313,0.5795444606100878,0.5996560627032159,0.5762388040036945,0.5681535161156338,0.5327817906818486,0.5623546609382215,0.5712563654931672,0.5625839600447508,0.5534635832869695,0.5274363294573695,25.4,44.3,24.5,35.78,24.48,33.5,24.08,31.52,23.92,30.3,24.02,30.18,24.0,30.14,24.2,30.36,24.26,30.38,24.16,30.14,24.04,30.02,24.06,30.1,24.14,30.08,24.04,29.8,23.88,30.02,24.04,29.69,24.16,29.65,23.96,29.62,24.14,29.46,24.17,29.47,24.1,29.39,23.95,29.456,24.088,29.384,24.17,29.37,24.31,29.15,24.17,29.3,24.15,29.33,24.24,29.35,24.36,29.45,24.592,29.41
Klotz_2,single nudge,2.077159215550147,1.2979872504201515,0.8419039032526731,0.6723185791775712,0.457239756389641,0.3550500485136381,0.3507107655399674,0.2842967334239512,0.3447447073399359,0.3471924566853982,0.337126418861818,0.3277362066989137,0.3364834288986452,0.3272497247958355,0.3180101823176657,0.3566614668064166,0.322087512474798,0.3344253439176374,0.3280784515695301,0.3307233778776463,0.3186246094139136,0.3045153748240746,0.3137713756917482,0.3120296703528759,0.2821675093169736,0.2888048630573429,0.2643074572404524,0.2582479058828953,0.2464029915649922,0.2477274954346965,23.8,37.7,24.68,34.58,25.1,32.22,25.3,31.46,25.58,30.1,25.86,29.6,25.58,29.22,26.06,29.08,25.78,29.36,25.54,29.18,25.74,29.24,25.7,29.24,25.66,29.22,25.74,29.22,25.74,29.16,25.64,29.36,25.72,29.16,25.78,29.3,25.68,29.15,25.66,29.19,25.7,29.1,25.86,29.09,25.78,29.15,25.82,29.15,25.96,29.01,25.9,29.09,26.22,29.12,26.26,29.14,26.26,29.0,26.2,28.98
Larrick_1,single nudge,0.0,0.0,0.0,0.0,0.0,0.0,-0.2837941092083271,0.0,0.0,0.0,0.0,0.0,0.4949341263408957,0.0,0.0,0.0,-0.4949341263408957,0.0,0.0,0.0,0.0,0.0,0.0,0.0,0.0,0.0,0.0,0.0,0.0,0.0,1.0,1.0,1.0,1.0,1.0,1.0,1.0,1.0,1.0,1.0,1.0,1.0,1.0,0.98,1.0,1.0,1.0,1.0,1.0,1.0,1.0,1.0,1.0,1.0,0.94,1.0,1.0,1.0,1.0,1.0,1.0,1.0,1.0,0.94,1.0,1.0,1.0,1.0,1.0,1.0,1.0,1.0,1.0,1.0,1.0,1.0,1.0,1.0,1.0,1.0,1.0,1.0,1.0,1.0,1.0,1.0,1.0,1.0,1.0,1.0
Lofgren_1,single nudge,0.2009116839639764,-0.1879024353974611,-0.1387871266052388,-0.182868953933574,-0.1387871266052388,-0.2261179065644222,-0.182868953933574,-0.1387871266052388,-0.182868953933574,-0.182868953933574,-0.182868953933574,-0.182868953933574,-0.182868953933574,-0.1387871266052388,-0.0937310875964742,-0.2829814195590678,-0.2319842627257963,-0.182868953933574,-0.1387871266052388,-0.1387871266052388,-0.182868953933574,-0.182868953933574,-0.182868953933574,-0.2319842627257963,-0.1387871266052388,-0.182868953933574,-0.182868953933574,-0.182868953933574,-0.182868953933574,-0.182868953933574,0.16,0.24,0.28,0.2,0.28,0.22,0.3,0.22,0.28,0.22,0.32,0.22,0.3,0.22,0.28,0.22,0.3,0.22,0.3,0.22,0.3,0.22,0.3,0.22,0.3,0.22,0.28,0.22,0.26,0.22,0.3,0.18,0.3,0.2,0.3,0.22,0.28,0.22,0.28,0.22,0.3,0.22,0.3,0.22,0.3,0.22,0.3,0.2,0.28,0.22,0.3,0.22,0.3,0.22,0.3,0.22,0.3,0.22,0.3,0.22
Lofgren_2,single nudge,0.2211214634013141,-0.182868953933574,-0.3105916907927343,-0.4639685254515926,-0.4107041564182281,-0.4780728316384,-0.4639685254515926,-0.4639685254515926,-0.368768778331926,-0.4639685254515926,-0.4107041564182281,-0.4521324145875927,-0.4107041564182281,-0.4107041564182281,-0.4107041564182281,-0.4107041564182281,-0.368768778331926,-0.4107041564182281,-0.4107041564182281,-0.4107041564182281,-0.4521324145875927,-0.4521324145875927,-0.4107041564182281,-0.4521324145875927,-0.4107041564182281,-0.368768778331926,-0.4107041564182281,-0.4107041564182281,-0.4107041564182281,-0.4107041564182281,0.24,0.34,0.3,0.22,0.36,0.22,0.36,0.16,0.36,0.18,0.34,0.14,0.36,0.16,0.36,0.16,0.34,0.18,0.36,0.16,0.36,0.18,0.38,0.18,0.36,0.18,0.36,0.18,0.36,0.18,0.36,0.18,0.34,0.18,0.36,0.18,0.36,0.18,0.36,0.18,0.38,0.18,0.38,0.18,0.36,0.18,0.38,0.18,0.36,0.18,0.34,0.18,0.36,0.18,0.36,0.18,0.36,0.18,0.36,0.18
Marek_1,single nudge,0.587271811704311,-0.3869575010718206,-0.8622206714516344,-1.2113441327497492,-1.544592427714011,-1.695074457480802,-1.8978137460013051,-2.0347538607129567,-2.2007652016546158,-2.1982234303880084,-2.3217628433934663,-2.386749245586303,-2.5118105239483994,-2.553174992881327,-2.5680254380308214,-2.3163535448400867,-2.5332222813975767,-2.610013529492954,-2.6719626977023694,-2.753440550769056,-2.355085635256996,-2.7570839631021333,-2.69712764796766,-2.70311334924166,-2.426639961911736,-2.73734333856128,-2.7056541773824354,-2.8156949524306447,-2.8219535806791707,-3.2445645595240444,22.68,26.44,21.76,19.24,20.38,15.38,20.38,13.06,20.58,11.18,20.04,9.54,20.0,8.72,20.04,8.14,20.14,7.64,20.12,7.52,20.06,7.12,20.06,6.8,20.4,6.52,20.48,6.22,20.32,6.24,20.44,6.86,20.6,6.08,20.78,6.28,20.44,5.92,20.9,5.98,20.64,6.36,20.82,5.9,20.8,5.94,20.64,5.9,20.62,6.12,20.8,5.78,20.64,5.78,21.28,5.8,20.86,5.66,21.78,5.78
McCaul_1,single nudge,0.3841160443388881,0.7098428258526578,0.6421204343093178,0.6140499675052679,0.5441947358661909,0.5174514757717295,0.696664173309911,0.4201340056362739,0.4499823524637498,0.6584154829900769,0.7452380760173188,0.6453351836038789,0.7541545982999918,0.7603255183436068,0.7679752817810497,0.6570936316778194,0.5263947768036044,0.6137623595291009,0.5124583443466584,0.7730563281883522,0.8071083655250186,0.7869276423600102,0.7830424129522265,0.7930372727302298,0.7939264680767741,0.7940589297171218,0.7952644265776815,0.7960184103923199,0.7980925478442196,0.4913323645640657,16.24,21.92,14.74,36.7,18.02,48.32,14.22,54.42,18.46,76.24,26.58,103.22,14.54,47.62,18.08,88.86,17.48,78.72,16.94,45.64,14.62,45.82,17.1,44.62,14.34,44.5,14.32,44.68,14.28,44.96,17.0,58.62,14.26,69.96,14.46,63.56,17.28,59.12,14.58,46.1,14.62,47.18,14.74,46.48,14.42,46.38,14.44,47.24,14.46,46.96,14.44,46.86,14.52,47.1,14.42,47.02,14.36,47.04,14.56,65.54
McCaul_2,single nudge,1.8765825121791828,1.0328126914350209,0.7465386913208513,0.3711953482948129,0.4996535542815161,0.3374913982129199,0.2708612739452082,0.5727427773594063,0.5456009594101625,0.5013981339125715,0.4974855944920046,0.357563136990257,0.465598727759618,0.4667136149532478,0.3874063306633797,0.4355594449546324,0.1528138215729562,0.4482676440360358,0.4671522232213537,0.3167231368103552,0.4618876710987419,0.5160449255281162,0.5248985325995053,0.4707714174387331,0.4776979144597845,0.4829774491407977,0.4855888910052681,0.4797477661588271,0.3332801590217846,0.4901554604061272,17.72,38.42,17.04,38.06,18.46,39.76,27.5,65.8,22.66,74.72,31.08,60.98,32.0,53.32,21.18,73.56,21.92,46.7,21.62,38.28,22.32,38.38,21.78,53.74,22.18,36.5,22.6,47.56,24.58,37.56,22.5,45.3,29.32,36.52,22.84,36.78,22.64,37.0,26.08,37.08,22.96,37.38,22.96,40.26,22.86,39.88,22.98,37.6,22.88,37.72,23.04,38.08,23.02,38.14,23.02,37.92,25.64,52.44,23.06,38.36
Meng_1,single nudge,0.5590273245649722,0.0912522773001205,0.0461962382913556,0.0461962382913556,0.0,0.0450560390087648,-0.0461962382913556,0.0,0.0,0.0,0.0,0.0,0.0,0.0,0.0,0.0,0.0,0.0,0.0,0.0,0.0,0.0,0.0,-0.0475348493051184,0.0,0.0,0.0,0.0,0.0,0.0,0.68,0.9,0.72,0.76,0.74,0.76,0.74,0.76,0.74,0.74,0.72,0.74,0.76,0.74,0.76,0.76,0.76,0.76,0.76,0.76,0.76,0.76,0.76,0.76,0.76,0.76,0.76,0.76,0.76,0.76,0.76,0.76,0.76,0.76,0.76,0.76,0.76,0.76,0.76,0.76,0.76,0.76,0.76,0.76,0.76,0.76,0.78,0.76,0.76,0.76,0.76,0.76,0.76,0.76,0.76,0.76,0.76,0.76,0.76,0.76
Nelson_1,single nudge,0.200375462428447,0.3638796892419869,0.2814435008239897,0.2407762329855693,0.2814435008239897,0.2407762329855693,0.2407762329855693,0.200375462428447,0.200375462428447,0.200375462428447,0.200375462428447,0.200375462428447,0.1603005567487769,0.1603005567487769,0.1603005567487769,0.1603005567487769,0.1603005567487769,0.1603005567487769,0.1200962543876478,0.1603005567487769,0.1603005567487769,0.1603005567487769,0.1603005567487769,0.1603005567487769,0.1603005567487769,0.1200962543876478,0.1200962543876478,0.1603005567487769,0.1200962543876478,0.1200962543876478,0.44,0.54,0.46,0.64,0.46,0.6,0.46,0.58,0.46,0.6,0.46,0.58,0.46,0.58,0.46,0.56,0.46,0.56,0.46,0.56,0.46,0.56,0.46,0.56,0.48,0.56,0.48,0.56,0.48,0.56,0.48,0.56,0.48,0.56,0.48,0.56,0.48,0.54,0.48,0.56,0.48,0.56,0.48,0.56,0.48,0.56,0.48,0.56,0.48,0.56,0.48,0.54,0.48,0.54,0.48,0.56,0.48,0.54,0.48,0.54
Nelson_2,single nudge,0.4851520299986587,0.0,0.0400106743539889,0.0,0.0,-0.0800213487079779,0.0,0.0,0.0,0.0,0.0,0.0,0.0,0.0,0.0,0.0,0.0,0.0,0.0,0.0,0.0,0.0,0.0,0.0,0.0,0.0,0.0,0.0,0.0,0.0,0.4,0.64,0.48,0.48,0.48,0.5,0.48,0.48,0.48,0.48,0.52,0.48,0.48,0.48,0.48,0.48,0.48,0.48,0.48,0.48,0.48,0.48,0.48,0.48,0.48,0.48,0.48,0.48,0.48,0.48,0.48,0.48,0.48,0.48,0.48,0.48,0.48,0.48,0.48,0.48,0.48,0.48,0.48,0.48,0.48,0.48,0.48,0.48,0.48,0.48,0.48,0.48,0.48,0.48,0.48,0.48,0.48,0.48,0.48,0.48
Nelson_3,single nudge,0.4864201402465404,0.1202898823947882,-0.0806050729182519,-0.0402043023611291,0.0,-0.0402043023611291,-0.0402043023611291,-0.0802792080407992,-0.0402043023611291,-0.0402043023611291,-0.0402043023611291,-0.0402043023611291,-0.0402043023611291,-0.0402043023611291,-0.0402043023611291,-0.0402043023611291,-0.0402043023611291,-0.0402043023611291,-0.0806050729182519,-0.0402043023611291,-0.0402043023611291,-0.0806050729182519,-0.0402043023611291,-0.0402043023611291,-0.0402043023611291,-0.0402043023611291,-0.0402043023611291,-0.0402043023611291,-0.0402043023611291,-0.0402043023611291,0.34,0.58,0.44,0.5,0.46,0.42,0.46,0.44,0.46,0.46,0.46,0.44,0.46,0.44,0.48,0.44,0.46,0.44,0.46,0.44,0.46,0.44,0.46,0.44,0.46,0.44,0.46,0.44,0.46,0.44,0.46,0.44,0.46,0.44,0.46,0.44,0.46,0.42,0.46,0.44,0.46,0.44,0.46,0.42,0.46,0.44,0.46,0.44,0.46,0.44,0.46,0.44,0.46,0.44,0.46,0.44,0.46,0.44,0.46,0.44
Shealy_1,single nudge,1.219727059071498,0.6041843907946416,0.5450769937042377,0.501553276295832,0.4582827933822209,0.4524388466478056,0.4720338769317763,0.4289476809753315,0.4495341893148165,0.4470920706789452,0.4501225862817026,0.4607540417281489,0.4377371702462868,0.4371680990931744,0.4324724925414653,0.4286197859812797,0.4372521563098649,0.4288026064349347,0.4165648797440898,0.4118836349011054,0.4136766855836338,0.4066566193360049,0.4115886243482426,0.4095644240978343,0.3868966925538468,0.3937830539761331,0.3856053351128816,0.3871729658677539,0.3785917972028489,0.3791713405088718,52.24,69.3,57.34,64.9,57.5,64.66,58.24,64.7,58.68,64.5,58.92,64.7,58.66,64.8,59.08,64.64,58.96,64.74,58.96,64.78,58.9,64.76,58.96,64.92,59.13,64.8,59.16,64.84,59.2,64.82,59.23,64.84,59.22,64.9,59.27,64.86,59.38,64.82,59.52,64.86,59.44,64.84,59.59,64.9,59.6,64.96,59.58,64.96,59.8,64.9,59.692,64.85,59.776,64.86,59.81399999999999,64.92,59.96,64.94,59.9,64.9
Shealy_2,single nudge,1.1874980654373066,0.6636879169332309,0.6113106192507196,0.5902128790714821,0.5611463676275907,0.5084854569606995,0.5279922434091838,0.4948638008905653,0.4886252571035139,0.4987716892765804,0.5047402184116528,0.4612763555000644,0.5053332983974238,0.5053277552058782,0.4972804133332879,0.508505420233886,0.5063059573076687,0.5095861635449309,0.5058528567043131,0.5027576991944394,0.5065305441682805,0.5034105716201225,0.5019201166633888,0.5063560354711748,0.5029002342291482,0.5081544256857674,0.5032050990577164,0.5040248585028815,0.5025733816899657,0.5016133591461049,54.6,109.3,80.5,106.22,80.46,105.52,81.36,105.62,81.5,104.6,81.94,103.48,81.88,104.1,82.62,103.72,81.72,103.02,81.66,102.94,81.7,103.2,83.84,103.3,81.64,103.26,81.6,103.24,81.7,103.08,81.54,103.24,81.6,103.22,81.5,103.22,81.52,103.18,81.72,103.24,81.52,103.2,81.52,103.12,81.68,103.18,81.48,103.18,81.62,103.18,81.5,103.24,81.58,103.16,81.56,103.18,81.64,103.2,81.68,103.18
Shealy_3,single nudge,0.1428846817346562,0.0747196907611741,0.0812168781598526,0.071398545124331,0.0820916503311644,0.0734735643178194,0.1030791444904713,0.1187167983830261,0.1046698937076728,0.0875048952796037,0.0891295708735388,0.0862312515376782,0.080389313738892,0.078480964357526,0.1130067919081141,0.1069137690414788,0.1011674070332103,0.1155989792177394,0.1078854580700849,0.0963505692409796,0.0916337462428733,0.1035294117770123,0.104116001441117,0.1047865901511216,0.1012903448874506,0.1080306521784529,0.1043086568221464,0.1061235540719649,0.1082558319833238,0.1133457355314097,112.46,115.32,115.02,116.36,115.62,117.14,115.94,117.28,116.52,118.1,116.54,117.98,116.36,118.4,116.2,118.6,116.48,118.64,116.52,118.32,116.6,118.46,116.52,118.32,116.54,118.24,116.48,118.16,116.4,118.72,116.42,118.64,116.48,118.6,116.3,118.72,116.3,118.56,116.56,118.58,116.58,118.5,116.42,118.6,116.46,118.64,116.46,118.66,116.6,118.72,116.38,118.64,116.5,118.68,116.46,118.68,116.42,118.68,116.38,118.74
Stikvoort_1,single nudge,-0.1200962543876478,0.0800855800336588,0.0400106743539889,-0.0400749056796698,0.0,0.0,0.0,0.0,0.0,0.0,0.0,0.0,0.0,0.0,0.0,0.0,0.0,-0.0400106743539889,0.0,0.0,0.0,0.0,0.0,0.0,0.0,0.0,0.0,0.0,0.0,0.0,0.54,0.48,0.5,0.54,0.5,0.52,0.54,0.52,0.52,0.52,0.52,0.52,0.52,0.52,0.52,0.52,0.52,0.52,0.52,0.52,0.52,0.52,0.52,0.52,0.52,0.52,0.52,0.52,0.52,0.52,0.52,0.52,0.52,0.52,0.52,0.5,0.52,0.52,0.52,0.52,0.52,0.52,0.52,0.52,0.52,0.52,0.52,0.52,0.52,0.52,0.52,0.52,0.52,0.52,0.52,0.52,0.52,0.52,0.52,0.52
Yeomans_1,single nudge,0.4077144416197304,0.2686563127064321,0.1828689539335741,0.0450560390087648,0.1353341046284557,0.1828689539335741,0.1353341046284557,0.1828689539335741,0.1387871266052389,0.0912522773001205,0.1353341046284557,0.1353341046284557,0.1353341046284557,0.1353341046284557,0.1353341046284557,0.1785830572593036,0.1353341046284557,0.0912522773001205,0.1353341046284557,0.0912522773001205,0.1353341046284557,0.1785830572593036,0.1353341046284557,0.1353341046284557,0.1353341046284557,0.1785830572593036,0.1785830572593036,0.2686563127064321,0.1785830572593036,0.2211214634013136,0.72,0.88,0.66,0.78,0.7,0.78,0.72,0.74,0.7,0.76,0.7,0.78,0.7,0.76,0.7,0.78,0.72,0.78,0.72,0.76,0.7,0.76,0.7,0.76,0.7,0.76,0.7,0.76,0.7,0.76,0.68,0.76,0.7,0.76,0.72,0.76,0.7,0.76,0.72,0.76,0.7,0.76,0.68,0.76,0.7,0.76,0.7,0.76,0.7,0.76,0.68,0.76,0.68,0.76,0.66,0.78,0.68,0.76,0.66,0.76
Yeomans_2,single nudge,0.0912522773001205,0.2009116839639766,0.1533768346588582,0.3626584026109656,0.1533768346588582,0.1533768346588582,0.1533768346588582,0.1533768346588582,0.1533768346588582,0.1533768346588582,0.1042615258666361,0.1533768346588582,0.1533768346588582,0.1533768346588582,0.1533768346588582,0.1533768346588582,0.1533768346588582,0.1533768346588582,0.1533768346588582,0.1533768346588582,0.1533768346588582,0.1533768346588582,0.1533768346588582,0.1533768346588582,0.1042615258666361,0.1533768346588582,0.1533768346588582,0.1533768346588582,0.1533768346588582,0.1533768346588582,0.72,0.76,0.76,0.84,0.78,0.84,0.74,0.88,0.78,0.84,0.78,0.84,0.78,0.84,0.78,0.84,0.78,0.84,0.78,0.84,0.8,0.84,0.78,0.84,0.78,0.84,0.78,0.84,0.78,0.84,0.78,0.84,0.78,0.84,0.78,0.84,0.78,0.84,0.78,0.84,0.78,0.84,0.78,0.84,0.78,0.84,0.78,0.84,0.8,0.84,0.78,0.84,0.78,0.84,0.78,0.84,0.78,0.84,0.78,0.84
Yeomans_3,single nudge,-0.4949341263408957,-0.5735131044230966,-0.4949341263408957,-0.4949341263408957,-0.4949341263408957,-0.4949341263408957,-0.4949341263408957,-0.4949341263408957,-0.4949341263408957,-0.4949341263408957,-0.4949341263408957,-0.4949341263408957,-0.4949341263408957,-0.4949341263408957,-0.4949341263408957,-0.4949341263408957,-0.4949341263408957,-0.4949341263408957,-0.4949341263408957,-0.4949341263408957,-0.4949341263408957,-0.4949341263408957,-0.4949341263408957,-0.4949341263408957,-0.4949341263408957,-0.4949341263408957,-0.4949341263408957,-0.4949341263408957,-0.4949341263408957,-0.4949341263408957,1.0,0.94,1.0,0.92,1.0,0.94,1.0,0.94,1.0,0.94,1.0,0.94,1.0,0.94,1.0,0.94,1.0,0.94,1.0,0.94,1.0,0.94,1.0,0.94,1.0,0.94,1.0,0.94,1.0,0.94,1.0,0.94,1.0,0.94,1.0,0.94,1.0,0.94,1.0,0.94,1.0,0.94,1.0,0.94,1.0,0.94,1.0,0.94,1.0,0.94,1.0,0.94,1.0,0.94,1.0,0.94,1.0,0.94,1.0,0.94
Arana_1,5 repeated nudge,0.331431266033829,0.2013579207903306,0.2413685951443196,0.3238047835623168,0.3238047835623168,0.2413685951443196,0.967305892355601,0.2823765253929522,0.2823765253929522,0.2823765253929522,0.2823765253929522,0.2413685951443196,0.7877733090139092,0.3657401616486189,0.2413685951443196,0.2823765253929522,0.2823765253929522,0.2823765253929522,0.8438129932870186,0.2823765253929522,0.2823765253929522,0.2823765253929522,0.2823765253929522,0.2823765253929522,0.7877733090139092,0.2413685951443196,0.2413685951443196,0.2413685951443196,0.2413685951443196,0.2413685951443196,0.54,0.7,0.5,0.6,0.48,0.6,0.48,0.64,0.48,0.64,0.48,0.6,0.48,0.9,0.48,0.62,0.48,0.62,0.48,0.62,0.48,0.62,0.48,0.6,0.48,0.84,0.48,0.66,0.48,0.6,0.48,0.62,0.48,0.62,0.48,0.62,0.48,0.86,0.48,0.62,0.48,0.62,0.48,0.62,0.48,0.62,0.48,0.62,0.48,0.84,0.48,0.6,0.48,0.6,0.48,0.6,0.48,0.6,0.48,0.6
Bamberg_2,5 repeated nudge,0.0816751980870529,0.0857873587728579,0.12772273685916,0.0432489526308479,0.0873307799591831,0.0873307799591831,0.7075943070173607,0.3262303721899156,0.2752332153566441,0.3262303721899156,0.3262303721899156,0.3262303721899156,0.3262303721899156,0.2261179065644221,0.2261179065644221,0.2686563127064321,0.2261179065644221,0.2261179065644221,0.3794947412232803,0.3262303721899156,0.3262303721899156,0.3262303721899156,0.3262303721899156,0.3262303721899156,0.3262303721899156,0.3687687783319255,0.3262303721899156,0.3262303721899156,0.3262303721899156,0.3262303721899156,0.58,0.62,0.66,0.7,0.64,0.7,0.68,0.7,0.68,0.72,0.68,0.72,0.68,0.94,0.68,0.82,0.68,0.8,0.68,0.82,0.68,0.82,0.68,0.82,0.68,0.82,0.68,0.78,0.68,0.78,0.66,0.78,0.68,0.78,0.68,0.78,0.68,0.84,0.68,0.82,0.68,0.82,0.68,0.82,0.68,0.82,0.68,0.82,0.68,0.82,0.66,0.82,0.68,0.82,0.68,0.82,0.68,0.82,0.68,0.82
Dickerson_2,5 repeated nudge,-0.2276105006568856,0.1747699317514319,-0.0353122467089152,-0.1423113104858053,-0.3112755349203638,-0.3521571946564334,0.242004353308957,-0.0338215003615439,0.0165184467329853,-0.0896887463605068,-0.0820313338083429,-0.1313069227185024,-0.0541821167842646,-0.185907859078592,-0.1704900193054851,-0.2243472635124302,-0.2311364881342764,-0.273538373499015,0.0057395836217643,-0.2128527621968432,-0.147196723223702,-0.1967361609201976,-0.1832373027490596,-0.2004908726419792,-0.1028966580900571,-0.2574607018542674,-0.2413131677099823,-0.2653535788842145,-0.2584567150177789,-0.261999609166294,268.7,275.7,275.84,271.8,272.82,273.64,273.7,277.06,271.62,279.62,271.02,280.24,271.34,265.24,270.3,271.16,270.12,269.7,268.46,270.82,268.98,271.16,268.58,272.06,267.64,269.08,267.7,272.6,267.52,272.12,266.78,272.92,267.1,273.4,266.28,273.88,266.62,266.46,266.24,272.22,267.68,271.64,266.34,271.84,266.34,271.5,265.94,271.66,265.98,268.86,265.76,273.04,265.48,272.54,265.54,273.32,265.4,273.1,265.48,273.38
Everett_1,5 repeated nudge,0.4027158415806615,-0.0400106743539889,-0.0400106743539889,-0.1200962543876478,-0.1601711600673179,-0.200375462428447,0.1622802710053044,-0.0800855800336588,-0.0400749056796698,-0.1200962543876478,-0.1200962543876478,-0.1601711600673179,0.2037085291746689,-0.0800855800336588,-0.1601711600673179,-0.1601711600673179,-0.200375462428447,-0.1601711600673179,0.1622802710053044,-0.1200962543876478,-0.1200962543876478,-0.1601711600673179,-0.1601711600673179,-0.1601711600673179,0.1212723407566718,-0.0800855800336588,-0.0800213487079779,-0.1601711600673179,-0.1200962543876478,-0.0800855800336588,0.4,0.6,0.52,0.5,0.52,0.5,0.54,0.48,0.54,0.46,0.54,0.44,0.54,0.62,0.54,0.5,0.54,0.52,0.54,0.48,0.54,0.48,0.54,0.46,0.54,0.64,0.54,0.5,0.54,0.46,0.54,0.46,0.54,0.44,0.54,0.46,0.54,0.62,0.54,0.48,0.54,0.48,0.54,0.46,0.54,0.46,0.54,0.46,0.54,0.6,0.54,0.5,0.52,0.48,0.54,0.46,0.54,0.48,0.54,0.5
Handgraaf_1,5 repeated nudge,0.0157552821360271,0.0871987942868816,-0.0303984145043447,-0.0797353192213754,-0.2047222142450395,-0.2845208696529381,1.118754773628369,0.5766569232003358,0.4350536606043924,0.2826390662496648,0.1856261508746624,0.0907816271005435,1.106830155490646,0.608262742309761,0.4319915277594426,0.2839038994297585,0.2265434112651293,0.123854777958446,1.0656322472752375,0.6792087960605727,0.533963298371114,0.426692337300426,0.3100876416622756,0.2405024502289034,1.0646011395466213,0.6238051608002637,0.5027283237865632,0.3738246133640284,0.3341572908785467,0.2412006842702331,15.76,15.92,13.4,14.08,12.52,12.3,11.68,11.1,11.32,9.78,11.1,8.84,11.1,21.56,11.04,15.34,10.96,14.14,10.9,12.98,10.72,12.06,10.62,11.28,10.56,20.08,10.6,15.06,10.56,13.76,10.54,12.64,10.5,12.2,10.54,11.48,10.8,19.36,10.44,15.38,10.52,14.4,10.38,13.46,10.46,12.76,10.42,12.2,10.62,18.87,10.56,15.22,10.56,14.39,10.86,13.75,10.6,13.22,10.56,12.49
Kesternich_1,5 repeated nudge,0.1879024353974611,-0.1533768346588583,-0.2094165189319677,-0.2094165189319677,-0.2094165189319677,-0.2689273150144915,0.4336951470491513,-0.2094165189319677,-0.2094165189319677,-0.2198120062222692,-0.2094165189319677,-0.2094165189319677,0.4336951470491513,-0.1533768346588583,-0.3031476065284419,-0.2569513682370858,-0.2094165189319677,-0.1603012101397455,0.3105916907927343,-0.104261525866636,-0.104261525866636,-0.1603012101397455,-0.1603012101397455,-0.1603012101397455,0.2319842627257963,-0.0491153087922222,-0.1603012101397455,-0.104261525866636,-0.1603012101397455,-0.0509971568332715,0.2,0.28,0.22,0.16,0.22,0.14,0.22,0.14,0.22,0.14,0.22,0.12,0.22,0.42,0.22,0.14,0.22,0.14,0.2,0.12,0.22,0.14,0.22,0.14,0.22,0.42,0.22,0.16,0.26,0.14,0.24,0.14,0.22,0.14,0.2,0.14,0.22,0.36,0.2,0.16,0.2,0.16,0.2,0.14,0.2,0.14,0.2,0.14,0.2,0.3,0.22,0.2,0.2,0.14,0.2,0.16,0.2,0.14,0.2,0.18
Klotz_1,5 repeated nudge,1.8859150673747969,1.2198338423221464,0.8423156001125562,0.645170560207207,0.6431036436914574,0.6069945255126334,2.109915812149922,1.404172280765014,1.2511247789959443,1.2134884301358582,1.1451881110892528,1.081316280539922,1.9947347163473104,1.4603339062147964,1.406799582677428,1.3309627686398782,1.299825615983816,1.2494111325027863,2.152824903290356,1.5598019921502675,1.4866134539323053,1.452445161096256,1.4233678652861792,1.362441861839935,1.995660772552257,1.5754898097744938,1.5521662719671458,1.4398494756781317,1.39567239802076,1.336248900757303,25.4,44.3,24.5,34.98,24.48,31.42,24.08,29.38,23.92,29.42,24.02,29.12,24.0,49.5,24.2,37.52,24.26,36.44,24.16,36.04,24.04,35.6,24.06,35.08,24.14,46.9,24.04,37.94,23.88,37.26,24.04,36.44,24.16,36.1,23.96,35.6,24.14,50.3,24.17,39.76,24.1,38.9,23.95,38.26,24.088,38.12,24.17,37.4,24.31,49.16,24.17,40.24,24.15,39.46,24.24,38.56,24.36,37.96,24.592,37.68
Lofgren_1,5 repeated nudge,0.2009116839639764,-0.2388995922307326,-0.2388995922307326,-0.3362457885924323,-0.1879024353974611,-0.2752332153566444,0.3715061717134993,-0.1387871266052388,-0.182868953933574,-0.2319842627257963,-0.2829814195590678,-0.2319842627257963,0.3715061717134993,-0.1387871266052388,-0.0461962382913561,-0.182868953933574,-0.2319842627257963,-0.182868953933574,0.21323282235686,-0.0450560390087646,-0.1353341046284559,-0.182868953933574,-0.2829814195590678,-0.2319842627257963,0.4956093477498124,-0.0440818273283352,-0.0891378663370998,-0.1353341046284559,-0.182868953933574,-0.1353341046284559,0.16,0.24,0.28,0.18,0.28,0.18,0.3,0.16,0.28,0.2,0.32,0.2,0.3,0.48,0.28,0.22,0.3,0.22,0.3,0.2,0.3,0.18,0.3,0.2,0.3,0.48,0.28,0.22,0.26,0.24,0.3,0.22,0.3,0.2,0.3,0.22,0.28,0.38,0.28,0.26,0.3,0.24,0.3,0.22,0.3,0.18,0.3,0.2,0.28,0.52,0.3,0.28,0.3,0.26,0.3,0.24,0.3,0.22,0.3,0.24
Lofgren_2,5 repeated nudge,0.2211214634013141,-0.182868953933574,-0.2168606031962601,-0.2168606031962601,-0.2630568414876162,-0.2686563127064322,0.5675882184166559,-0.1277227368591602,-0.1298691861011933,-0.2630568414876162,-0.1718045641874954,-0.21323282235686,0.283794109208328,-0.2168606031962601,-0.1718045641874954,-0.2168606031962601,-0.2211214634013141,-0.2168606031962601,0.5675882184166559,-0.1277227368591602,-0.21323282235686,-0.21323282235686,-0.1718045641874954,-0.21323282235686,0.3638796892419869,-0.174925225109958,-0.2168606031962601,-0.2168606031962601,-0.1718045641874954,-0.2168606031962601,0.24,0.34,0.3,0.22,0.36,0.26,0.36,0.26,0.36,0.24,0.34,0.22,0.36,0.64,0.36,0.3,0.34,0.28,0.36,0.24,0.36,0.28,0.38,0.28,0.36,0.5,0.36,0.26,0.36,0.28,0.36,0.26,0.34,0.24,0.36,0.26,0.36,0.64,0.36,0.3,0.38,0.28,0.38,0.28,0.36,0.28,0.38,0.28,0.36,0.54,0.34,0.26,0.36,0.26,0.36,0.26,0.36,0.28,0.36,0.26
Marek_1,5 repeated nudge,0.587271811704311,-0.4111765822360114,-0.9439327519851692,-1.4456854335960867,-1.8734413001998016,-1.9264467545053965,0.1943065004981085,-0.4774073668422294,-0.7668427594605707,-1.0139105831112951,-1.1332406741736547,-1.2213445708044717,-0.0374089559363114,-0.6232432739376452,-0.7910767043154276,-0.9571388307653818,-1.059578907582697,-1.2212923886891147,0.187724848610065,-0.6570022288998998,-0.7606871227896947,-1.0685732765457308,-1.1598067008979251,-1.2641131503197107,0.2856095499106032,-0.5474409208223282,-0.8177977492310562,-0.9684151853639856,-0.9316355224324168,-1.502320818497763,22.68,26.44,21.76,19.22,20.38,15.1,20.38,12.24,20.58,10.1,20.04,8.96,20.0,21.24,20.04,17.24,20.14,15.76,20.12,14.36,20.06,13.34,20.06,12.62,20.4,20.18,20.48,16.88,20.32,15.9,20.44,15.18,20.6,14.3,20.78,13.52,20.44,21.62,20.9,17.26,20.64,16.3,20.82,15.04,20.8,14.46,20.64,13.64,20.62,22.36,20.8,17.72,20.64,16.26,21.28,15.8,20.86,15.36,21.78,14.1
Meng_1,5 repeated nudge,0.5590273245649722,-0.1298691861011931,-0.132386818967948,-0.132386818967948,-0.132386818967948,-0.0873307799591831,0.2569513682370861,-0.0912522773001205,-0.1353341046284557,-0.1353341046284557,-0.1353341046284557,-0.1353341046284557,0.0475348493051184,-0.0912522773001205,-0.1353341046284557,-0.1353341046284557,-0.1353341046284557,-0.1353341046284557,0.2009116839639766,-0.0461962382913556,-0.0461962382913556,-0.0912522773001205,-0.0912522773001205,-0.1387871266052389,0.0,-0.0912522773001205,-0.0912522773001205,-0.1353341046284557,-0.1353341046284557,-0.1353341046284557,0.68,0.9,0.72,0.66,0.74,0.68,0.74,0.68,0.74,0.68,0.72,0.68,0.76,0.86,0.76,0.72,0.76,0.7,0.76,0.7,0.76,0.7,0.76,0.7,0.76,0.78,0.76,0.72,0.76,0.7,0.76,0.7,0.76,0.7,0.76,0.7,0.76,0.84,0.76,0.74,0.76,0.74,0.76,0.72,0.76,0.72,0.78,0.72,0.76,0.76,0.76,0.72,0.76,0.72,0.76,0.7,0.76,0.7,0.76,0.7
Nelson_1,5 repeated nudge,0.200375462428447,-0.0402043023611291,-0.0402043023611291,-0.0402043023611291,-0.0806050729182519,-0.0806050729182519,0.4916024261011469,0.1601711600673179,0.120096254387648,0.080085580033659,0.04007490567967,0.04007490567967,0.2413685951443196,0.1200962543876478,0.0800213487079779,0.0400106743539889,0.0400106743539889,0.0400106743539889,0.3657401616486189,0.0800213487079779,0.0400106743539889,0.0,0.0,0.0400106743539889,0.3657401616486189,0.0400106743539889,0.0800213487079779,0.0800213487079779,0.0400106743539889,0.0,0.44,0.54,0.46,0.44,0.46,0.44,0.46,0.44,0.46,0.42,0.46,0.42,0.46,0.7,0.46,0.54,0.46,0.52,0.46,0.5,0.46,0.48,0.46,0.48,0.48,0.6,0.48,0.54,0.48,0.52,0.48,0.5,0.48,0.5,0.48,0.5,0.48,0.66,0.48,0.52,0.48,0.5,0.48,0.48,0.48,0.48,0.48,0.5,0.48,0.66,0.48,0.5,0.48,0.52,0.48,0.52,0.48,0.5,0.48,0.48
Nelson_2,5 repeated nudge,0.4851520299986587,0.2413685951443196,0.1200962543876478,0.1200962543876478,0.1200962543876478,0.0400749056796698,0.4515275204214768,0.2007013273058993,0.1200962543876478,0.1200962543876478,0.1603005567487769,0.1603005567487769,0.4082785677906289,0.1603005567487769,0.1603005567487769,0.1603005567487769,0.2007013273058993,0.1603005567487769,0.3657401616486189,0.2413685951443196,0.2413685951443196,0.2413685951443196,0.2007013273058993,0.2007013273058993,0.2823765253929522,0.1603005567487769,0.2413685951443196,0.1603005567487769,0.1603005567487769,0.1200962543876478,0.4,0.64,0.48,0.6,0.48,0.54,0.48,0.54,0.48,0.54,0.52,0.54,0.48,0.7,0.48,0.58,0.48,0.54,0.48,0.54,0.48,0.56,0.48,0.56,0.48,0.68,0.48,0.56,0.48,0.56,0.48,0.56,0.48,0.58,0.48,0.56,0.48,0.66,0.48,0.6,0.48,0.6,0.48,0.6,0.48,0.58,0.48,0.58,0.48,0.62,0.48,0.56,0.48,0.6,0.48,0.56,0.48,0.56,0.48,0.54
Nelson_3,5 repeated nudge,0.4864201402465404,0.200375462428447,0.2407762329855693,0.120096254387648,0.1601711600673179,0.200375462428447,0.4916024261011469,0.2823765253929522,0.2814435008239897,0.2814435008239897,0.2407762329855693,0.2407762329855693,0.5356842534294821,0.3224514310726223,0.2814435008239897,0.200375462428447,0.1601711600673179,0.200375462428447,0.5356842534294821,0.2814435008239897,0.2814435008239897,0.200375462428447,0.2814435008239897,0.2407762329855693,0.3638796892419869,0.2814435008239897,0.2814435008239897,0.2407762329855693,0.2814435008239897,0.2407762329855693,0.34,0.58,0.44,0.54,0.46,0.58,0.46,0.52,0.46,0.54,0.46,0.56,0.46,0.7,0.48,0.62,0.46,0.6,0.46,0.6,0.46,0.58,0.46,0.58,0.46,0.72,0.46,0.62,0.46,0.6,0.46,0.56,0.46,0.54,0.46,0.56,0.46,0.72,0.46,0.6,0.46,0.6,0.46,0.56,0.46,0.6,0.46,0.58,0.46,0.64,0.46,0.6,0.46,0.6,0.46,0.58,0.46,0.6,0.46,0.58
Yeomans_1,5 repeated nudge,0.4077144416197304,0.174925225109958,0.2319842627257962,0.187902435397461,0.2829814195590676,0.2319842627257962,0.5157783719341242,0.0891378663371,0.1387871266052389,0.0912522773001205,0.1353341046284557,0.0891378663371,0.3362457885924323,0.1828689539335741,0.2829814195590676,0.3262303721899156,0.2829814195590676,0.187902435397461,0.3362457885924323,0.0450560390087648,0.0891378663371,0.1785830572593036,0.0891378663371,0.0891378663371,0.3362457885924323,0.2752332153566441,0.2752332153566441,0.2686563127064321,0.2752332153566441,0.2686563127064321,0.72,0.88,0.66,0.74,0.7,0.8,0.72,0.8,0.7,0.82,0.7,0.8,0.7,0.9,0.7,0.74,0.72,0.78,0.72,0.76,0.7,0.76,0.7,0.74,0.7,0.84,0.7,0.78,0.7,0.82,0.68,0.82,0.7,0.82,0.72,0.8,0.7,0.84,0.72,0.74,0.7,0.74,0.68,0.76,0.7,0.74,0.7,0.74,0.7,0.84,0.68,0.8,0.68,0.8,0.66,0.78,0.68,0.8,0.66,0.78
Arana_1,3 repeated nudge,0.331431266033829,0.2423658510389632,0.3238047835623168,0.2823765253929522,0.3238047835623168,0.3238047835623168,0.3238047835623168,0.3238047835623168,0.3238047835623168,0.3238047835623168,1.0372938967257888,0.3238047835623168,0.3238047835623168,0.3238047835623168,0.2823765253929522,0.2823765253929522,0.2413685951443196,0.3238047835623168,0.3238047835623168,0.3238047835623168,0.967305892355601,0.2823765253929522,0.3238047835623168,0.3238047835623168,0.2823765253929522,0.2823765253929522,0.2823765253929522,0.3238047835623168,0.3238047835623168,0.3238047835623168,0.54,0.7,0.5,0.62,0.48,0.64,0.48,0.62,0.48,0.64,0.48,0.64,0.48,0.64,0.48,0.64,0.48,0.64,0.48,0.64,0.48,0.92,0.48,0.64,0.48,0.64,0.48,0.64,0.48,0.62,0.48,0.62,0.48,0.6,0.48,0.64,0.48,0.64,0.48,0.64,0.48,0.9,0.48,0.62,0.48,0.64,0.48,0.64,0.48,0.62,0.48,0.62,0.48,0.62,0.48,0.64,0.48,0.64,0.48,0.64
Bamberg_2,3 repeated nudge,0.0816751980870529,0.0425384061420099,0.084473784228312,0.0,0.0,0.0,0.0,0.0,0.0432489526308479,0.0,0.4950452215789136,0.0873307799591831,0.0432489526308479,0.0432489526308479,0.0432489526308479,0.0857873587728579,0.0432489526308479,0.0432489526308479,0.0432489526308479,0.0432489526308479,0.7998125917775947,0.3794947412232803,0.3262303721899156,0.2752332153566441,0.2752332153566441,0.2211214634013136,0.2261179065644221,0.2261179065644221,0.2261179065644221,0.2261179065644221,0.58,0.62,0.66,0.68,0.64,0.68,0.68,0.68,0.68,0.68,0.68,0.68,0.68,0.68,0.68,0.68,0.68,0.7,0.68,0.68,0.68,0.88,0.68,0.72,0.68,0.7,0.68,0.7,0.68,0.7,0.66,0.7,0.68,0.7,0.68,0.7,0.68,0.7,0.68,0.7,0.68,0.96,0.68,0.84,0.68,0.82,0.68,0.8,0.68,0.8,0.66,0.76,0.68,0.78,0.68,0.78,0.68,0.78,0.68,0.78
Dickerson_2,3 repeated nudge,-0.2276105006568856,0.1783832734109137,0.0008659863579575,-0.0147945394312755,-0.1034402773972801,-0.1936514782196027,-0.1829410811272203,-0.2473511117032295,-0.2398519875671405,-0.303025742545417,0.103770862566455,-0.1501747465829297,-0.161104077389181,-0.1533043326134001,-0.1527976969477145,-0.1914125808608016,-0.1607274791995958,-0.2063468733747006,-0.1976328393697281,-0.2134954228422578,-0.1001631545492061,-0.2510963575615688,-0.2356757137667395,-0.2635798870485542,-0.2925214002220201,-0.2868301770136858,-0.3084778356906085,-0.3142402633503723,-0.3215339182080932,-0.3181667050444052,268.7,275.7,275.84,271.8,272.82,272.8,273.7,274.04,271.62,274.2,271.02,275.9,271.34,276.06,270.3,276.8,270.12,276.54,268.46,276.84,268.98,266.22,268.58,272.4,267.64,271.82,267.7,271.74,267.52,271.62,266.78,271.98,267.1,271.48,266.28,271.98,266.62,272.16,266.24,272.26,267.68,270.36,266.34,273.18,266.34,272.86,265.94,273.34,265.98,274.14,265.76,273.86,265.48,274.44,265.54,274.7,265.4,274.84,265.48,274.92
Everett_1,3 repeated nudge,0.4027158415806615,0.0,0.0,-0.0800855800336588,-0.0800855800336588,-0.0800855800336588,-0.0800855800336588,-0.1200962543876478,-0.0800855800336588,-0.0800855800336588,0.2037085291746689,-0.0800855800336588,-0.0400749056796698,-0.0400749056796698,-0.1200962543876478,-0.0800855800336588,-0.0800855800336588,-0.1200962543876478,-0.0800855800336588,-0.0800855800336588,0.1622802710053044,-0.0400749056796698,-0.1200962543876478,-0.0800855800336588,-0.0400749056796698,-0.1200962543876478,-0.0400106743539889,-0.0800855800336588,-0.0800855800336588,-0.0800855800336588,0.4,0.6,0.52,0.52,0.52,0.52,0.54,0.5,0.54,0.5,0.54,0.5,0.54,0.5,0.54,0.48,0.54,0.5,0.54,0.5,0.54,0.64,0.54,0.5,0.54,0.52,0.54,0.52,0.54,0.48,0.54,0.5,0.54,0.5,0.54,0.48,0.54,0.5,0.54,0.5,0.54,0.62,0.54,0.52,0.54,0.48,0.54,0.5,0.54,0.52,0.54,0.48,0.52,0.5,0.54,0.5,0.54,0.5,0.54,0.5
Handgraaf_1,3 repeated nudge,0.0157552821360271,0.0417324012432267,-0.0716174750143257,-0.1310741151673743,-0.2533664282527513,-0.3155472735532889,-0.3817171942595579,-0.4191600116963213,-0.4496719165327724,-0.4512963012608654,0.94197739895515,0.359618000390256,0.2813601427064713,0.198444586992632,0.1070600078349545,0.040008769261465,0.0038182749094899,-0.0342984321117121,-0.1123129327600412,-0.0829541343746271,1.0809953806876225,0.49423421318165,0.3077049222108012,0.2117123524830584,0.0863901591054773,0.0234706878347814,-0.0336609620248355,-0.1127573655599554,-0.1249776855441477,-0.1581426417313543,15.76,15.92,13.4,13.72,12.52,12.0,11.68,10.72,11.32,9.42,11.1,8.66,11.1,8.08,11.04,7.7,10.96,7.34,10.9,7.24,10.72,18.204,10.62,13.236,10.56,12.64,10.6,12.09,10.56,11.37,10.54,10.85,10.5,10.53,10.54,10.27,10.8,9.91,10.44,9.77,10.52,19.44,10.38,14.16,10.46,12.78,10.42,12.0,10.62,11.28,10.56,10.74,10.56,10.3,10.86,9.98,10.6,9.62,10.56,9.32
Kesternich_1,3 repeated nudge,0.1879024353974611,-0.1533768346588583,-0.1001124656254938,-0.2689273150144915,-0.2094165189319677,-0.2689273150144915,-0.2094165189319677,-0.2689273150144915,-0.2689273150144915,-0.2198120062222692,0.5143002199674033,-0.2094165189319677,-0.1533768346588583,-0.1533768346588583,-0.2471079222553325,-0.2009116839639764,-0.2094165189319677,-0.2198120062222692,-0.2689273150144915,-0.2198120062222692,0.5634155287596255,0.0,-0.0509971568332715,-0.1603012101397455,-0.104261525866636,-0.1533768346588583,-0.1603012101397455,-0.1603012101397455,-0.1603012101397455,-0.1603012101397455,0.2,0.28,0.22,0.16,0.22,0.18,0.22,0.12,0.22,0.14,0.22,0.12,0.22,0.14,0.22,0.12,0.22,0.12,0.2,0.12,0.22,0.46,0.22,0.14,0.22,0.16,0.22,0.16,0.26,0.16,0.24,0.16,0.22,0.14,0.2,0.12,0.22,0.12,0.2,0.12,0.2,0.46,0.2,0.2,0.2,0.18,0.2,0.14,0.2,0.16,0.22,0.16,0.2,0.14,0.2,0.14,0.2,0.14,0.2,0.14
Klotz_1,3 repeated nudge,1.8859150673747969,1.1489093480782429,0.9440926246638506,0.8729421804970154,0.7960253433662609,0.7954555754736707,0.8155596057567016,0.8186733160036634,0.8258344369300588,0.7651338830355039,1.8721358439338087,1.3333680415364222,1.2002180685250827,1.1407677124194215,1.132179541334411,1.1023936478218472,1.0719814042965594,1.0803905206478668,1.040716038882272,1.0334356499222008,1.86518727994711,1.2684815678017831,1.2147732259556976,1.137476439909013,1.0980499559289458,1.1366691840069645,1.0984755475493813,1.087775147563125,1.0284922441595254,1.0017350036390604,25.4,44.3,24.5,34.06,24.48,33.28,24.08,31.96,23.92,31.28,24.02,31.16,24.0,31.2,24.2,31.42,24.26,31.5,24.16,31.02,24.04,47.0,24.06,37.06,24.14,35.84,24.04,35.0,23.88,34.66,24.04,34.34,24.16,34.04,23.96,34.02,24.14,33.68,24.17,33.66,24.1,46.54,23.95,36.06,24.088,35.68,24.17,34.94,24.31,34.52,24.17,34.52,24.15,34.28,24.24,34.24,24.36,33.92,24.592,33.86
Lofgren_1,3 repeated nudge,0.2009116839639764,-0.1879024353974611,-0.2388995922307326,-0.2319842627257963,-0.1879024353974611,-0.326230372189916,-0.2829814195590678,-0.1879024353974611,-0.182868953933574,-0.2319842627257963,0.2912269636727,-0.182868953933574,-0.2829814195590678,-0.1879024353974611,-0.193843553221968,-0.2829814195590678,-0.2829814195590678,-0.2829814195590678,-0.2388995922307326,-0.2388995922307326,0.3715061717134993,-0.1353341046284559,-0.182868953933574,-0.2319842627257963,-0.1879024353974611,-0.2829814195590678,-0.2829814195590678,-0.2319842627257963,-0.2829814195590678,-0.2319842627257963,0.16,0.24,0.28,0.2,0.28,0.18,0.3,0.2,0.28,0.2,0.32,0.18,0.3,0.18,0.28,0.2,0.3,0.22,0.3,0.2,0.3,0.44,0.3,0.22,0.3,0.18,0.28,0.2,0.26,0.18,0.3,0.18,0.3,0.18,0.3,0.18,0.28,0.18,0.28,0.18,0.3,0.48,0.3,0.24,0.3,0.22,0.3,0.2,0.28,0.2,0.3,0.18,0.3,0.18,0.3,0.2,0.3,0.18,0.3,0.2
Lofgren_2,3 repeated nudge,0.2211214634013141,-0.1353341046284559,-0.3105916907927343,-0.3597069995849565,-0.3597069995849565,-0.368768778331926,-0.3597069995849565,-0.3597069995849565,-0.3177716214986544,-0.3597069995849565,0.5675882184166559,-0.2582888613656247,-0.3105916907927343,-0.3105916907927343,-0.3105916907927343,-0.3105916907927343,-0.3177716214986544,-0.3597069995849565,-0.3597069995849565,-0.3597069995849565,0.6538826971064513,-0.21323282235686,-0.2168606031962601,-0.3520199489620988,-0.3105916907927343,-0.2686563127064322,-0.3105916907927343,-0.3105916907927343,-0.3597069995849565,-0.3597069995849565,0.24,0.34,0.3,0.24,0.36,0.22,0.36,0.2,0.36,0.2,0.34,0.18,0.36,0.2,0.36,0.2,0.34,0.2,0.36,0.2,0.36,0.64,0.38,0.26,0.36,0.22,0.36,0.22,0.36,0.22,0.36,0.22,0.34,0.2,0.36,0.2,0.36,0.2,0.36,0.2,0.38,0.7,0.38,0.28,0.36,0.26,0.38,0.22,0.36,0.22,0.34,0.22,0.36,0.22,0.36,0.22,0.36,0.2,0.36,0.2
Marek_1,3 repeated nudge,0.587271811704311,-0.444366097627449,-0.9052628081831812,-1.3163662012660773,-1.5704658619069447,-1.6433164530646591,-1.814484490401844,-1.916242539978516,-1.9447198951234064,-1.9407922232003472,0.2315767149438918,-0.4731555583850519,-0.8051052496167777,-1.096211687704912,-1.2162791547595184,-1.4149509625939414,-1.4490772863614123,-1.5923544716973932,-1.557913629864146,-1.665307579423364,0.2205887220821388,-0.621184464576968,-0.9709423197297176,-1.1765165920726015,-1.3460199053667607,-1.5192364903851403,-1.5814542846435726,-1.741886143298177,-1.5829149932876607,-1.9955290984872736,22.68,26.44,21.76,19.1,20.38,15.16,20.38,12.54,20.58,10.92,20.04,9.76,20.0,8.96,20.04,8.3,20.14,7.94,20.12,8.06,20.06,21.5,20.06,17.1,20.4,15.52,20.48,14.06,20.32,13.22,20.44,12.34,20.6,11.74,20.78,11.18,20.44,10.9,20.9,10.78,20.64,22.04,20.82,17.16,20.8,15.16,20.64,14.0,20.62,12.8,20.8,11.84,20.64,11.08,21.28,10.6,20.86,10.74,21.78,10.28
Meng_1,3 repeated nudge,0.5590273245649722,0.0,-0.0891378663371,-0.0450560390087648,-0.0891378663371,-0.0440818273283352,-0.1353341046284557,-0.1353341046284557,-0.1353341046284557,-0.0912522773001205,0.2569513682370861,-0.1353341046284557,-0.1353341046284557,-0.0912522773001205,-0.0912522773001205,-0.0912522773001205,-0.0912522773001205,-0.0912522773001205,-0.0912522773001205,-0.0912522773001205,0.2009116839639766,-0.0912522773001205,-0.0912522773001205,-0.1387871266052389,-0.0912522773001205,-0.0912522773001205,-0.0912522773001205,-0.0912522773001205,-0.0912522773001205,-0.0912522773001205,0.68,0.9,0.72,0.72,0.74,0.7,0.74,0.72,0.74,0.7,0.72,0.7,0.76,0.7,0.76,0.7,0.76,0.7,0.76,0.72,0.76,0.86,0.76,0.7,0.76,0.7,0.76,0.72,0.76,0.72,0.76,0.72,0.76,0.72,0.76,0.72,0.76,0.72,0.76,0.72,0.76,0.84,0.76,0.72,0.76,0.72,0.78,0.72,0.76,0.72,0.76,0.72,0.76,0.72,0.76,0.72,0.76,0.72,0.76,0.72
Nelson_1,3 repeated nudge,0.200375462428447,0.04007490567967,0.04007490567967,0.0,-0.0402043023611291,-0.0402043023611291,0.0,0.0,0.0,0.0,0.5356842534294821,0.120096254387648,0.0,0.0,-0.04007490567967,-0.04007490567967,-0.04007490567967,-0.04007490567967,-0.04007490567967,0.0,0.4515275204214768,0.0800213487079779,-0.04007490567967,0.0,0.0,0.0,0.0,-0.04007490567967,0.0,0.0,0.44,0.54,0.46,0.48,0.46,0.48,0.46,0.46,0.46,0.44,0.46,0.44,0.46,0.46,0.46,0.46,0.46,0.46,0.46,0.46,0.46,0.72,0.46,0.52,0.48,0.48,0.48,0.48,0.48,0.46,0.48,0.46,0.48,0.46,0.48,0.46,0.48,0.46,0.48,0.48,0.48,0.7,0.48,0.52,0.48,0.46,0.48,0.48,0.48,0.48,0.48,0.48,0.48,0.48,0.48,0.46,0.48,0.48,0.48,0.48
Nelson_2,3 repeated nudge,0.4851520299986587,0.0800213487079779,0.1200962543876478,0.0800213487079779,0.0400106743539889,-0.0800213487079779,0.0800213487079779,0.0400106743539889,0.0800213487079779,0.0400106743539889,0.4082785677906289,0.1603005567487769,0.0800213487079779,0.1200962543876478,0.1200962543876478,0.1200962543876478,0.1200962543876478,0.0800213487079779,0.1200962543876478,0.1200962543876478,0.3657401616486189,0.1200962543876478,0.1603005567487769,0.1603005567487769,0.1603005567487769,0.1603005567487769,0.1603005567487769,0.1603005567487769,0.1603005567487769,0.1200962543876478,0.4,0.64,0.48,0.52,0.48,0.54,0.48,0.52,0.48,0.5,0.52,0.48,0.48,0.52,0.48,0.5,0.48,0.52,0.48,0.5,0.48,0.68,0.48,0.56,0.48,0.52,0.48,0.54,0.48,0.54,0.48,0.54,0.48,0.54,0.48,0.52,0.48,0.54,0.48,0.54,0.48,0.66,0.48,0.54,0.48,0.56,0.48,0.56,0.48,0.56,0.48,0.56,0.48,0.56,0.48,0.56,0.48,0.56,0.48,0.54
Nelson_3,3 repeated nudge,0.4864201402465404,0.200375462428447,0.120096254387648,0.120096254387648,0.120096254387648,0.04007490567967,0.04007490567967,0.0,0.04007490567967,0.04007490567967,0.5356842534294821,0.2814435008239897,0.200375462428447,0.200375462428447,0.200375462428447,0.200375462428447,0.200375462428447,0.1601711600673179,0.120096254387648,0.120096254387648,0.5356842534294821,0.200375462428447,0.2407762329855693,0.1601711600673179,0.1601711600673179,0.1601711600673179,0.1601711600673179,0.200375462428447,0.1601711600673179,0.1601711600673179,0.34,0.58,0.44,0.54,0.46,0.52,0.46,0.52,0.46,0.52,0.46,0.48,0.46,0.48,0.48,0.48,0.46,0.48,0.46,0.48,0.46,0.72,0.46,0.6,0.46,0.56,0.46,0.56,0.46,0.56,0.46,0.56,0.46,0.56,0.46,0.54,0.46,0.52,0.46,0.52,0.46,0.72,0.46,0.56,0.46,0.58,0.46,0.54,0.46,0.54,0.46,0.54,0.46,0.54,0.46,0.56,0.46,0.54,0.46,0.54
Yeomans_1,3 repeated nudge,0.4077144416197304,0.5375836277209236,0.3362457885924323,0.3482036455372066,0.4517962689480657,0.3922854728655418,0.3922854728655418,0.3922854728655418,0.3482036455372066,0.4077144416197304,0.2319842627257962,0.1353341046284557,0.1828689539335741,0.2319842627257962,0.2319842627257962,0.2752332153566441,0.2319842627257962,0.187902435397461,0.2319842627257962,0.187902435397461,0.2319842627257962,0.2752332153566441,0.2319842627257962,0.2829814195590676,0.2829814195590676,0.3262303721899156,0.2752332153566441,0.3687687783319255,0.3262303721899156,0.3177716214986541,0.72,0.88,0.66,0.88,0.7,0.84,0.72,0.86,0.7,0.88,0.7,0.86,0.7,0.86,0.7,0.86,0.72,0.86,0.72,0.88,0.7,0.8,0.7,0.76,0.7,0.78,0.7,0.8,0.7,0.8,0.68,0.8,0.7,0.8,0.72,0.8,0.7,0.8,0.72,0.8,0.7,0.8,0.68,0.8,0.7,0.8,0.7,0.82,0.7,0.82,0.68,0.82,0.68,0.8,0.66,0.82,0.68,0.82,0.66,0.8
