study_id,control_round_1,intervention_round_1,d_round_1,control_round_2,intervention_round_2,d_round_2,control_round_3,intervention_round_3,d_round_3,control_round_4,intervention_round_4,d_round_4,control_round_5,intervention_round_5,d_round_5,control_round_6,intervention_round_6,d_round_6,control_round_7,intervention_round_7,d_round_7,control_round_8,intervention_round_8,d_round_8,control_round_9,intervention_round_9,d_round_9,control_round_10,intervention_round_10,d_round_10,control_round_11,intervention_round_11,d_round_11,control_round_12,intervention_round_12,d_round_12,control_round_13,intervention_round_13,d_round_13,control_round_14,intervention_round_14,d_round_14,control_round_15,intervention_round_15,d_round_15,control_round_16,intervention_round_16,d_round_16,control_round_17,intervention_round_17,d_round_17,control_round_18,intervention_round_18,d_round_18,control_round_19,intervention_round_19,d_round_19,control_round_20,intervention_round_20,d_round_20,control_round_21,intervention_round_21,d_round_21,control_round_22,intervention_round_22,d_round_22,control_round_23,intervention_round_23,d_round_23,control_round_24,intervention_round_24,d_round_24,control_round_25,intervention_round_25,d_round_25,control_round_26,intervention_round_26,d_round_26,control_round_27,intervention_round_27,d_round_27,control_round_28,intervention_round_28,d_round_28,control_round_29,intervention_round_29,d_round_29,control_round_30,intervention_round_30,d_round_30
Arana_1,0.54,0.7,0.331431266033829,0.5,0.56,0.120289882394788,0.48,0.52,0.08002134870797795,0.48,0.52,0.08002134870797795,0.48,0.52,0.08002134870797795,0.48,0.52,0.08002134870797795,0.48,0.52,0.08002134870797795,0.48,0.52,0.08002134870797795,0.48,0.52,0.08002134870797795,0.48,0.52,0.08002134870797795,0.48,0.52,0.08002134870797795,0.48,0.52,0.08002134870797795,0.48,0.52,0.08002134870797795,0.48,0.52,0.08002134870797795,0.48,0.52,0.08002134870797795,0.48,0.52,0.08002134870797795,0.48,0.52,0.08002134870797795,0.48,0.52,0.08002134870797795,0.48,0.52,0.08002134870797795,0.48,0.52,0.08002134870797795,0.48,0.52,0.08002134870797795,0.48,0.52,0.08002134870797795,0.48,0.52,0.08002134870797795,0.48,0.52,0.08002134870797795,0.48,0.52,0.08002134870797795,0.48,0.52,0.08002134870797795,0.48,0.52,0.08002134870797795,0.48,0.52,0.08002134870797795,0.48,0.52,0.08002134870797795,0.48,0.52,0.08002134870797795
Bamberg_1,0.74,0.76,0.0461962382913556,0.66,0.76,0.22112146340131367,0.7,0.74,0.08913786633710008,0.7,0.72,0.04408182732833521,0.68,0.72,0.08733077995918315,0.7,0.72,0.04408182732833521,0.7,0.72,0.04408182732833521,0.7,0.72,0.04408182732833521,0.7,0.72,0.04408182732833521,0.7,0.72,0.04408182732833521,0.7,0.72,0.04408182732833521,0.7,0.72,0.04408182732833521,0.7,0.72,0.04408182732833521,0.7,0.72,0.04408182732833521,0.7,0.72,0.04408182732833521,0.7,0.72,0.04408182732833521,0.7,0.72,0.04408182732833521,0.7,0.72,0.04408182732833521,0.7,0.72,0.04408182732833521,0.7,0.72,0.04408182732833521,0.7,0.72,0.04408182732833521,0.7,0.72,0.04408182732833521,0.7,0.72,0.04408182732833521,0.7,0.72,0.04408182732833521,0.7,0.72,0.04408182732833521,0.68,0.72,0.08733077995918315,0.68,0.72,0.08733077995918315,0.68,0.72,0.08733077995918315,0.68,0.72,0.08733077995918315,0.7,0.72,0.04408182732833521
Bamberg_2,0.58,0.62,0.0816751980870529,0.66,0.66,0.0,0.64,0.64,0.0,0.68,0.66,-0.04253840614200999,0.68,0.66,-0.04253840614200999,0.68,0.66,-0.04253840614200999,0.68,0.66,-0.04253840614200999,0.68,0.66,-0.04253840614200999,0.68,0.66,-0.04253840614200999,0.68,0.66,-0.04253840614200999,0.68,0.66,-0.04253840614200999,0.68,0.66,-0.04253840614200999,0.68,0.66,-0.04253840614200999,0.68,0.66,-0.04253840614200999,0.68,0.66,-0.04253840614200999,0.66,0.66,0.0,0.68,0.66,-0.04253840614200999,0.68,0.66,-0.04253840614200999,0.68,0.66,-0.04253840614200999,0.68,0.66,-0.04253840614200999,0.68,0.66,-0.04253840614200999,0.68,0.66,-0.04253840614200999,0.68,0.66,-0.04253840614200999,0.68,0.66,-0.04253840614200999,0.68,0.66,-0.04253840614200999,0.66,0.66,0.0,0.68,0.66,-0.04253840614200999,0.68,0.66,-0.04253840614200999,0.68,0.66,-0.04253840614200999,0.68,0.66,-0.04253840614200999
Bamberg_3,1.0,1.0,0.0,1.0,1.0,0.0,1.0,1.0,0.0,1.0,1.0,0.0,1.0,1.0,0.0,1.0,1.0,0.0,1.0,1.0,0.0,1.0,1.0,0.0,1.0,1.0,0.0,1.0,1.0,0.0,1.0,1.0,0.0,1.0,1.0,0.0,1.0,1.0,0.0,1.0,1.0,0.0,1.0,1.0,0.0,1.0,1.0,0.0,1.0,1.0,0.0,1.0,1.0,0.0,1.0,1.0,0.0,1.0,1.0,0.0,1.0,1.0,0.0,1.0,1.0,0.0,1.0,1.0,0.0,1.0,1.0,0.0,1.0,1.0,0.0,1.0,1.0,0.0,1.0,1.0,0.0,1.0,1.0,0.0,1.0,1.0,0.0,1.0,1.0,0.0
Bohm_1,27.3,30.5,0.2353141108902874,29.89,33.18,0.22572452221980854,30.9,33.98,0.2002249755371656,32.76,35.1,0.1385560211819006,34.04,35.36,0.07302187458407315,34.84,35.32,0.025165327191247287,35.62,35.69,0.003491361329490818,36.32,35.57,-0.03655724495753526,36.42,36.07,-0.01680682476444596,37.06,36.03,-0.048744584076077,36.94,35.98,-0.04590625527010819,37.48,36.26,-0.057579547303704036,37.54,36.64,-0.0422125642104439,37.66,36.94,-0.033276918757323276,37.38,37.16,-0.010173497119547806,37.53,37.36,-0.007839964364865875,37.64,37.79,0.006853232224439378,37.5,38.12,0.02816140748927219,37.58,38.37,0.03563606509465147,38.04,38.56,0.023525833827142708,37.86,38.78,0.04112032790804209,38.39,38.96,0.025435546203702412,38.72,39.56,0.0367412462927049,38.59,39.7,0.04867225753821529,38.59,39.67,0.04778347248070142,38.71,40.01,0.05688789568095785,38.93,40.05,0.048956928244458076,38.85,40.35,0.06558770119554919,39.31,40.52,0.05212780256884881,39.41,40.77,0.05886479591266808
Bruns_1,3.08,4.54,0.7225728144152442,3.06,3.54,0.2667843223823699,3.1,3.18,0.04700408755485928,3.2,3.02,-0.10864895368656313,3.16,2.8,-0.20830003377856404,3.22,2.7,-0.3103751008273869,3.14,2.64,-0.292920363626448,3.16,2.66,-0.2937445063921552,3.16,2.66,-0.29583568753400646,3.18,2.66,-0.30621770884254174,3.12,2.62,-0.2942007604895348,3.12,2.62,-0.29524565922026386,3.14,2.64,-0.29499386840545944,3.12,2.68,-0.2583950812573993,3.12,2.64,-0.2815686397246762,3.14,2.64,-0.2949938684054595,3.12,2.7,-0.24340784326234974,3.12,2.66,-0.26535557718456604,3.14,2.64,-0.29395163129900287,3.12,2.62,-0.2952456592202638,3.14,2.64,-0.29604727080203097,3.14,2.64,-0.2908899768912619,3.14,2.58,-0.32655329978257713,3.12,2.58,-0.31312469298162077,3.16,2.6,-0.32513491547913054,3.12,2.56,-0.3257630227041215,3.14,2.58,-0.32320623534245446,3.14,2.6,-0.31175854151070836,3.1,2.58,-0.29588606953092716,3.1,2.58,-0.29686849493653805
Camilleri_1,0.38,0.34,-0.0833636362556666,0.44,0.6,0.3216478031851189,0.46,0.48,0.04007490567967009,0.46,0.54,0.1601711600673179,0.5,0.54,0.08008558003365884,0.56,0.64,0.16350422681353982,0.5,0.54,0.08008558003365884,0.46,0.56,0.20037546242844706,0.5,0.54,0.08008558003365884,0.54,0.54,0.0,0.5,0.52,0.04001067435398897,0.52,0.54,0.04007490567966987,0.5,0.58,0.16069065295191032,0.5,0.56,0.120289882394788,0.54,0.54,0.0,0.5,0.48,-0.04001067435398897,0.58,0.56,-0.04040077055712232,0.5,0.52,0.04001067435398897,0.5,0.5,0.0,0.5,0.56,0.120289882394788,0.54,0.54,0.0,0.54,0.54,0.0,0.6,0.54,-0.12127234075667181,0.52,0.5,-0.04001067435398897,0.52,0.52,0.0,0.56,0.52,-0.08027920804079902,0.56,0.56,0.0,0.52,0.48,-0.08002134870797795,0.5,0.56,0.120289882394788,0.52,0.5,-0.04001067435398897
Camilleri_2,0.36,0.24,-0.2630568414876162,0.54,0.44,-0.20037546242844706,0.5,0.5,0.0,0.48,0.48,0.0,0.52,0.54,0.04007490567966987,0.54,0.52,-0.04007490567966987,0.5,0.52,0.04001067435398897,0.5,0.52,0.04001067435398897,0.48,0.52,0.08002134870797795,0.5,0.46,-0.08008558003365907,0.52,0.52,0.0,0.48,0.56,0.16030055674877697,0.44,0.52,0.1603005567487772,0.4,0.48,0.1613472464363419,0.46,0.5,0.08008558003365907,0.44,0.52,0.1603005567487772,0.46,0.54,0.1601711600673179,0.48,0.54,0.12009625438764782,0.44,0.52,0.1603005567487772,0.48,0.46,-0.04007490567967009,0.44,0.56,0.2405797647895762,0.42,0.56,0.280980535346699,0.46,0.58,0.24077623298556938,0.46,0.56,0.20037546242844706,0.48,0.54,0.12009625438764782,0.48,0.58,0.2007013273058993,0.46,0.56,0.20037546242844706,0.42,0.64,0.4444847621602388,0.44,0.58,0.28098053534669853,0.52,0.62,0.20235517668497427
Camilleri_3,0.18,0.2,0.0509971568332715,0.32,0.44,0.2479780110418519,0.3,0.4,0.2101589252771574,0.32,0.5,0.3682678934366401,0.28,0.46,0.37551309336216443,0.32,0.52,0.4082785677906291,0.32,0.48,0.32825721908265115,0.32,0.46,0.28818231340298106,0.3,0.5,0.4115168460674883,0.3,0.46,0.3314312660338292,0.32,0.46,0.28818231340298106,0.3,0.46,0.3314312660338292,0.32,0.46,0.28818231340298106,0.3,0.48,0.3715061717134993,0.34,0.46,0.24564390726097107,0.3,0.48,0.3715061717134993,0.3,0.46,0.3314312660338292,0.3,0.46,0.3314312660338292,0.28,0.46,0.37551309336216443,0.3,0.46,0.3314312660338292,0.32,0.46,0.28818231340298106,0.3,0.46,0.3314312660338292,0.32,0.46,0.28818231340298106,0.32,0.48,0.32825721908265115,0.3,0.46,0.3314312660338292,0.3,0.44,0.29122696367270007,0.32,0.42,0.20757724048472914,0.32,0.46,0.28818231340298106,0.3,0.46,0.3314312660338292,0.3,0.46,0.3314312660338292
Camilleri_4,0.26,0.32,0.132386818967948,0.46,0.5,0.08008558003365907,0.44,0.52,0.1603005567487772,0.48,0.48,0.0,0.42,0.5,0.16069065295191098,0.4,0.5,0.20135792079033088,0.44,0.5,0.12028988239478822,0.44,0.5,0.12028988239478822,0.46,0.5,0.08008558003365907,0.46,0.5,0.08008558003365907,0.42,0.5,0.16069065295191098,0.46,0.54,0.1601711600673179,0.48,0.5,0.04001067435398897,0.46,0.56,0.20037546242844706,0.46,0.5,0.08008558003365907,0.46,0.48,0.04007490567967009,0.48,0.52,0.08002134870797795,0.46,0.5,0.08008558003365907,0.46,0.52,0.12009625438764804,0.48,0.52,0.08002134870797795,0.5,0.52,0.04001067435398897,0.46,0.5,0.08008558003365907,0.48,0.5,0.04001067435398897,0.48,0.52,0.08002134870797795,0.48,0.54,0.12009625438764782,0.48,0.52,0.08002134870797795,0.46,0.54,0.1601711600673179,0.48,0.5,0.04001067435398897,0.46,0.52,0.12009625438764804,0.48,0.52,0.08002134870797795
Catlin_1,22.08,26.84,-0.2783323678627976,19.3,30.08,-0.666930537444395,18.535999999999998,29.92,-0.6748973854119301,17.368,30.24,-0.7963380224021355,17.18,29.9,-0.7921137652157366,17.094,29.74,-0.7842305665795287,17.13,30.1,-0.8024999870720015,17.006,30.08,-0.8102021043390957,17.096,30.11,-0.8052107976302515,17.166,30.06,-0.7946799632855416,17.046,30.02,-0.8010410594603984,17.182,30.1,-0.7978425419512746,17.194000000000003,30.124000000000002,-0.7936274506920626,17.094000000000005,30.074,-0.8019913484201526,17.116000000000003,30.061999999999998,-0.799671005272178,17.110000000000003,29.934,-0.7993110536433574,17.188000000000002,30.072,-0.7924346539386664,17.200000000000003,30.171999999999997,-0.796128828427366,17.156000000000002,30.09,-0.7961892018768647,17.227999999999998,30.083999999999996,-0.7905228094460646,17.144,30.103999999999996,-0.7962227107272177,17.078000000000003,30.106000000000005,-0.8082069488683352,17.088,30.116000000000003,-0.8084037040732072,17.13,30.126000000000005,-0.8041549391122783,17.168000000000003,30.122000000000003,-0.8019846385221778,17.164,30.126000000000005,-0.8006467525510479,17.148000000000003,30.178,-0.8001602117037279,17.150000000000002,30.124000000000002,-0.8021318092235385,17.168000000000003,30.108,-0.8010152860244218,17.174,30.152,-0.8018290972804545
Demarque_1,2.04,2.9,0.9053911265638842,1.94,2.24,0.360306022418433,1.92,2.1,0.20152907424660177,1.94,2.06,0.14035131799278408,1.9,2.08,0.2041573683014329,1.88,2.08,0.23179316248638288,1.9,2.08,0.2097379911643475,1.9,2.08,0.2097379911643475,1.88,2.08,0.23179316248638288,1.88,2.08,0.23179316248638288,1.88,2.08,0.23179316248638288,1.88,2.08,0.23179316248638288,1.88,2.08,0.23179316248638288,1.88,2.08,0.23179316248638288,1.88,2.08,0.23179316248638288,1.88,2.08,0.23179316248638288,1.86,2.08,0.25031552084035835,1.88,2.08,0.23179316248638288,1.88,2.08,0.23179316248638288,1.88,2.08,0.23179316248638288,1.88,2.06,0.20700290439786073,1.88,2.08,0.23179316248638288,1.88,2.08,0.23179316248638288,1.88,2.08,0.23179316248638288,1.88,2.08,0.23179316248638288,1.88,2.08,0.23179316248638288,1.88,2.08,0.23179316248638288,1.88,2.08,0.23179316248638288,1.88,2.08,0.23179316248638288,1.86,2.08,0.2536891975532735
Demarque_2,2.16,2.34,0.2161836134510591,1.7,1.94,0.26676750488795525,1.64,1.94,0.33133581222534964,1.64,1.94,0.3355386160783211,1.58,1.92,0.391640235668428,1.62,1.94,0.35731540724470984,1.6,1.94,0.3743971480251868,1.62,1.94,0.35731540724470984,1.6,1.94,0.3791174194916257,1.6,1.94,0.3743971480251868,1.6,1.94,0.3743971480251868,1.6,1.94,0.3743971480251868,1.6,1.94,0.3743971480251868,1.6,1.94,0.3743971480251868,1.6,1.94,0.3743971480251868,1.6,1.94,0.3743971480251868,1.6,1.94,0.3743971480251868,1.6,1.94,0.3743971480251868,1.6,1.94,0.3743971480251868,1.6,1.94,0.3743971480251868,1.58,1.94,0.39597979746446643,1.58,1.94,0.39597979746446643,1.6,1.94,0.3743971480251868,1.6,1.94,0.3743971480251868,1.6,1.94,0.3743971480251868,1.6,1.94,0.3743971480251868,1.6,1.94,0.3743971480251868,1.6,1.94,0.3743971480251868,1.6,1.94,0.3743971480251868,1.6,1.94,0.3743971480251868
Demarque_3,1.88,2.24,0.3521807064562172,1.74,1.84,0.11330183928530735,1.7,1.76,0.06922554470078089,1.68,1.72,0.04573600642693613,1.66,1.68,0.022403584860389455,1.68,1.7,0.022804206600625286,1.66,1.7,0.04611905139734079,1.66,1.7,0.04491657504006628,1.68,1.68,0.0,1.68,1.7,0.022804206600625286,1.66,1.7,0.04491657504006628,1.68,1.7,0.022804206600625286,1.66,1.7,0.04491657504006628,1.68,1.7,0.022804206600625286,1.66,1.7,0.04491657504006628,1.66,1.7,0.04491657504006628,1.66,1.68,0.02212212161319895,1.66,1.7,0.04380350374996703,1.66,1.7,0.04491657504006628,1.68,1.7,0.02222222222222224,1.68,1.7,0.02222222222222224,1.68,1.7,0.02222222222222224,1.68,1.7,0.02222222222222224,1.66,1.7,0.04491657504006628,1.66,1.68,0.021589621851722123,1.68,1.7,0.02222222222222224,1.66,1.7,0.04380350374996703,1.66,1.68,0.021589621851722123,1.66,1.68,0.021589621851722123,1.66,1.66,0.0
Demarque_4,3.48,0.64,-2.119215120574768,3.4,2.04,-0.8620416322105053,3.24,1.96,-0.8336416788725616,3.36,2.06,-0.8266921969185297,3.28,2.12,-0.7214429634274645,3.24,2.02,-0.7762032803490451,3.32,1.98,-0.8494690329782538,3.32,2.0,-0.8419505748606249,3.3,2.0,-0.8067008170638439,3.3,2.04,-0.7978389106956457,3.28,2.02,-0.7903720813524793,3.3,2.0,-0.8298485697093467,3.26,1.98,-0.7972716738552222,3.3,2.0,-0.8298485697093467,3.3,2.0,-0.8298485697093467,3.3,1.98,-0.8409039363569141,3.3,1.98,-0.8409039363569141,3.3,2.0,-0.8298485697093467,3.24,1.98,-0.8016525682293417,3.26,1.98,-0.8102047428062487,3.28,2.0,-0.8110673335797287,3.26,1.98,-0.8102047428062487,3.26,1.98,-0.8036601708140424,3.24,1.96,-0.8061936408385382,3.28,1.98,-0.8154632585382723,3.26,1.98,-0.8102047428062487,3.24,1.98,-0.8016525682293416,3.26,1.98,-0.8069125522577266,3.26,1.98,-0.8102047428062487,3.26,1.98,-0.8102047428062487
Demarque_5,1.94,2.64,0.6987888647993921,2.14,2.06,-0.09545146403914793,2.1,1.96,-0.16755197006222708,2.02,1.9,-0.14251624759660064,2.06,1.94,-0.13658988010236192,2.0,1.88,-0.1369160869941499,2.02,1.92,-0.12311052623669234,2.02,1.92,-0.11947062572331123,1.98,1.92,-0.06874170431892697,2.02,1.92,-0.11613559280092217,2.0,1.92,-0.09354143466934861,2.02,1.92,-0.11613559280092217,2.0,1.92,-0.09354143466934861,2.0,1.92,-0.09354143466934861,2.0,1.92,-0.09354143466934861,2.0,1.92,-0.09354143466934861,2.0,1.92,-0.09354143466934861,2.0,1.92,-0.09354143466934861,1.98,1.92,-0.06874170431892697,2.0,1.92,-0.09354143466934861,2.0,1.92,-0.09354143466934861,1.98,1.92,-0.06968135568055331,2.0,1.92,-0.09354143466934861,2.0,1.92,-0.09354143466934861,2.0,1.92,-0.09354143466934861,2.02,1.92,-0.11613559280092217,2.0,1.92,-0.09354143466934861,2.0,1.92,-0.09354143466934861,2.02,1.92,-0.11613559280092217,2.0,1.92,-0.09354143466934861
Demarque_6,1.92,2.26,0.3219451403205664,1.86,1.9,0.0425710903622143,1.78,1.88,0.0980869435650756,1.72,1.84,0.12331624609808788,1.72,1.84,0.12331624609808788,1.74,1.86,0.1178316490619612,1.76,1.84,0.08089647953197836,1.76,1.84,0.08089647953197836,1.7,1.84,0.1451095647867135,1.72,1.84,0.12331624609808788,1.7,1.84,0.1451095647867135,1.72,1.84,0.12331624609808788,1.72,1.84,0.12331624609808788,1.72,1.84,0.12331624609808788,1.72,1.84,0.12331624609808788,1.72,1.84,0.12331624609808788,1.74,1.84,0.10085785251918171,1.72,1.84,0.12331624609808788,1.72,1.84,0.12331624609808788,1.7,1.84,0.14202898550724652,1.68,1.84,0.16032753360788327,1.72,1.84,0.12331624609808788,1.72,1.84,0.12331624609808788,1.7,1.84,0.14202898550724652,1.7,1.82,0.1200735369285646,1.7,1.84,0.14202898550724652,1.72,1.84,0.12331624609808788,1.72,1.84,0.12331624609808788,1.7,1.84,0.14202898550724652,1.72,1.84,0.12331624609808788
Demarque_7,4.5,0.52,-2.227090250978953,4.34,2.06,-1.2312674451497274,4.16,2.18,-1.0597457682140508,4.02,2.16,-1.0265980892875335,4.06,2.14,-1.0545799633742101,4.04,2.18,-0.993777318406142,3.98,2.14,-1.0230602943769245,4.0,2.16,-1.0108258547337305,4.0,2.1,-1.0473739771743498,4.0,2.14,-1.0325206959112556,4.0,2.14,-1.0325206959112556,4.02,2.14,-1.0387675419604374,3.96,2.14,-1.0010416258106074,4.02,2.14,-1.0387675419604374,4.02,2.12,-1.051030427590099,4.02,2.12,-1.0445276711897498,4.02,2.14,-1.0387675419604374,4.02,2.14,-1.0387675419604374,4.0,2.14,-1.0325206959112556,4.02,2.14,-1.0387675419604374,4.0,2.14,-1.0325206959112556,4.0,2.14,-1.0325206959112556,4.02,2.14,-1.0387675419604374,4.0,2.14,-1.0325206959112556,4.0,2.14,-1.0325206959112556,4.0,2.14,-1.0325206959112556,4.0,2.16,-1.0139532239247466,4.02,2.14,-1.0355465495798577,4.0,2.16,-1.0016145649982544,4.02,2.14,-1.0355465495798577
Demarque_8,4.06,0.9,-1.9732703710706283,3.68,2.26,-0.8055782530822694,3.6,2.18,-0.8380207449249606,3.6,2.24,-0.7863741345415567,3.62,2.24,-0.8037451278419017,3.6,2.24,-0.8176570172966743,3.62,2.2,-0.8434335948716818,3.62,2.2,-0.8374257287004635,3.62,2.2,-0.8344695427988398,3.62,2.18,-0.847148562259092,3.62,2.18,-0.847148562259092,3.6,2.18,-0.8380207449249606,3.6,2.18,-0.8380207449249606,3.62,2.18,-0.847148562259092,3.6,2.18,-0.8380207449249606,3.6,2.18,-0.8380207449249606,3.62,2.18,-0.847148562259092,3.6,2.18,-0.8380207449249606,3.6,2.18,-0.8380207449249606,3.6,2.18,-0.8380207449249606,3.6,2.18,-0.8380207449249606,3.6,2.18,-0.8380207449249606,3.6,2.18,-0.8380207449249606,3.6,2.18,-0.8380207449249606,3.6,2.18,-0.8380207449249606,3.6,2.2,-0.8223977311307552,3.62,2.2,-0.8404135565476218,3.6,2.18,-0.8380207449249606,3.6,2.2,-0.8223977311307552,3.6,2.18,-0.8380207449249606
Dickerson_1,364.8,350.4,0.1291543691240442,310.4,300.2,0.11566336731226255,301.9,288.0,0.160264301445763,290.4,279.8,0.12055959666991485,284.9,279.9,0.05455450569464084,282.4,278.4,0.04304168915627537,276.4,278.8,-0.025118309942039573,279.26,278.44,0.008567622537222281,278.2,278.34,-0.0014919905360537716,279.3,276.86,0.025372759794366918,278.52,277.02,0.015605716089900048,276.82,276.92,-0.0010325466202325232,277.6,276.36,0.012788391318422528,276.0,276.04,-0.0004105324895006872,277.46,275.94,0.01551006203184615,276.1,276.1,-0.0,276.44,275.88,0.00566638017052844,274.38,276.08,-0.017162093889427906,275.42,275.84,-0.004240431637350675,275.66,276.2,-0.005440073237009118,275.5,276.22,-0.007244075015294288,275.98,276.3,-0.003229061386231795,274.42,276.28,-0.01861883487866957,275.08,276.32,-0.012465575025733845,276.16,276.68,-0.005221829180145706,277.26,276.26,0.010010694478288366,276.26,276.44,-0.0018139056734060442,274.7,276.68,-0.019875064867010395,275.04,276.74,-0.017064921963830047,275.48,275.4,0.0008186073903822088
Dickerson_2,268.7,275.7,-0.2276105006568856,275.84,270.8,0.22192032750713309,272.82,272.0,0.03518977318451497,273.7,272.16,0.06292954473811128,271.62,272.46,-0.03163526869679071,271.02,274.2,-0.11481628671977262,271.34,273.56,-0.07614923878357407,270.3,273.96,-0.12589534668084343,270.12,274.32,-0.14271663053798253,268.46,274.38,-0.19543452282260468,268.98,273.64,-0.15020579860193034,268.58,273.46,-0.15151680280856045,267.64,274.2,-0.2119603259348025,267.7,274.54,-0.22208484989155547,267.52,273.86,-0.19975949030183648,266.78,274.38,-0.24015628480905107,267.1,274.24,-0.2232567209896001,266.28,274.3,-0.24975224768927687,266.62,274.0,-0.22689147446521404,266.24,274.2,-0.24439405133738662,267.68,275.22,-0.2500951944070887,266.34,275.02,-0.27207791538211223,266.34,275.12,-0.2735089819217078,265.94,274.8,-0.27580408928138733,265.98,274.82,-0.2775887814085581,265.76,274.74,-0.2781296949568251,265.48,275.14,-0.29635029105531613,265.54,274.76,-0.280680944479324,265.4,274.46,-0.2758141944362116,265.48,274.82,-0.2837599577272256
Everett_1,0.4,0.6,0.4027158415806615,0.52,0.46,-0.12009625438764804,0.52,0.46,-0.12009625438764804,0.54,0.44,-0.20037546242844706,0.54,0.46,-0.1601711600673179,0.54,0.42,-0.24077623298556983,0.54,0.46,-0.1601711600673179,0.54,0.44,-0.20037546242844706,0.54,0.46,-0.1601711600673179,0.54,0.42,-0.24077623298556983,0.54,0.46,-0.1601711600673179,0.54,0.46,-0.1601711600673179,0.54,0.46,-0.1601711600673179,0.54,0.46,-0.1601711600673179,0.54,0.44,-0.20037546242844706,0.54,0.44,-0.20037546242844706,0.54,0.42,-0.24077623298556983,0.54,0.44,-0.20037546242844706,0.54,0.44,-0.20037546242844706,0.54,0.44,-0.20037546242844706,0.54,0.44,-0.20037546242844706,0.54,0.44,-0.20037546242844706,0.54,0.4,-0.2814435008239897,0.54,0.4,-0.2814435008239897,0.54,0.42,-0.24077623298556983,0.54,0.42,-0.24077623298556983,0.52,0.42,-0.20070132730589996,0.54,0.42,-0.24077623298556983,0.54,0.42,-0.24077623298556983,0.54,0.42,-0.24077623298556983
Gong_1,0.88,0.96,0.304767370198681,0.78,0.88,0.2689273150144915,0.88,0.94,0.21254908543844708,0.82,0.94,0.38136393482744513,0.84,0.88,0.11555048035563331,0.82,0.96,0.4735822195876791,0.8,0.92,0.35378211357851574,0.76,0.94,0.529011249758057,0.82,0.92,0.3027849567452443,0.78,0.88,0.2689273150144915,0.82,0.94,0.38136393482744513,0.8,0.98,0.6435011087932851,0.8,0.92,0.35378211357851574,0.76,0.92,0.4504322716758562,0.8,0.92,0.35378211357851574,0.76,0.92,0.4504322716758562,0.78,0.9,0.3329094180005501,0.84,0.92,0.24952058771187957,0.78,0.9,0.3329094180005501,0.8,0.94,0.43236109166071657,0.84,0.94,0.3280995657940804,0.78,0.94,0.4814764004529386,0.76,0.94,0.529011249758057,0.82,0.96,0.4735822195876791,0.76,0.92,0.4504322716758562,0.76,0.94,0.529011249758057,0.78,0.94,0.4814764004529386,0.76,0.94,0.529011249758057,0.76,0.94,0.529011249758057,0.78,0.92,0.4028974223707378
Handgraaf_1,15.76,15.92,0.0157552821360271,13.4,14.66,0.15131494419751162,12.52,13.22,0.08842791957186523,11.68,12.12,0.05499053178221816,11.32,11.12,-0.0248888200606423,11.1,10.42,-0.08250743967332257,11.1,9.78,-0.1567556897449645,11.04,9.3,-0.20418860418759788,10.96,9.0,-0.23011066746020112,10.9,8.66,-0.2629503368336515,10.72,8.38,-0.2801768933288666,10.62,7.96,-0.3205180111744218,10.56,7.86,-0.32541883770667673,10.6,7.72,-0.34737767765828304,10.56,7.54,-0.3665936987395635,10.54,7.42,-0.3809192882387866,10.5,7.66,-0.3499663743663426,10.54,7.42,-0.38812945601097754,10.8,7.34,-0.43108575772216867,10.44,7.26,-0.3919178083500123,10.52,7.16,-0.41743879821496016,10.38,7.18,-0.4043044673351461,10.46,7.2,-0.41090712287008274,10.42,7.08,-0.4257296308312808,10.62,7.1,-0.44268028820702676,10.56,7.48,-0.3810472100971988,10.56,7.2,-0.4257294259729207,10.86,7.9,-0.3673008396339425,10.6,7.3,-0.4191521609579546,10.56,7.24,-0.42270478488931873
Hershfield_1,12.9,13.7,0.0864356046903669,12.2,13.52,0.1310903393417709,12.86,12.88,0.001853264544035738,12.56,13.2,0.059125957764925303,12.92,13.12,0.017970174457629193,13.22,13.78,0.047622569942450836,12.98,13.5,0.0447722783814607,12.96,13.72,0.06502326581387526,12.92,13.34,0.03661451948359602,12.9,13.52,0.05358232948629048,12.78,13.36,0.05007368259848753,12.96,13.28,0.02711618006967278,12.86,13.4,0.0465391266017126,12.88,13.42,0.046057404971150295,12.8,13.48,0.057595555410104575,13.0,13.48,0.040856567556469804,13.1,13.5,0.033936277803507185,12.94,13.5,0.04737126395839437,12.9,13.5,0.05052728698302212,13.04,13.42,0.032048076469667945,12.96,13.46,0.04191640814100688,12.86,13.3,0.03761342708483093,12.88,13.26,0.03246450289689496,13.18,13.32,0.011785752188773452,12.94,13.24,0.02540286853982235,13.14,13.34,0.016870384307092354,13.02,13.32,0.025213645282965016,12.82,13.24,0.035694097758682077,13.0,13.34,0.028708870561248608,13.02,13.34,0.026991674242823296
Kesternich_1,0.2,0.28,0.1879024353974611,0.22,0.18,-0.10011246562549381,0.22,0.2,-0.049115308792222256,0.22,0.2,-0.049115308792222256,0.22,0.18,-0.10011246562549381,0.22,0.2,-0.049115308792222256,0.22,0.2,-0.049115308792222256,0.22,0.18,-0.10011246562549381,0.22,0.18,-0.10011246562549381,0.2,0.2,0.0,0.22,0.2,-0.049115308792222256,0.22,0.2,-0.049115308792222256,0.22,0.2,-0.049115308792222256,0.22,0.2,-0.049115308792222256,0.26,0.18,-0.193843553221968,0.24,0.18,-0.1476473149306119,0.22,0.2,-0.049115308792222256,0.2,0.18,-0.05099715683327155,0.22,0.18,-0.10011246562549381,0.2,0.18,-0.05099715683327155,0.2,0.18,-0.05099715683327155,0.2,0.18,-0.05099715683327155,0.2,0.18,-0.05099715683327155,0.2,0.18,-0.05099715683327155,0.2,0.18,-0.05099715683327155,0.22,0.18,-0.10011246562549381,0.2,0.18,-0.05099715683327155,0.2,0.18,-0.05099715683327155,0.2,0.18,-0.05099715683327155,0.2,0.18,-0.05099715683327155
Klotz_1,25.4,44.3,1.8859150673747969,24.5,35.78,1.2931167473762528,24.48,33.5,0.9987693635479468,24.08,31.52,0.8131467164631082,23.92,30.3,0.7187266627637853,24.02,30.18,0.6753860331943004,24.0,30.14,0.6817920507766745,24.2,30.36,0.6943324217557331,24.26,30.38,0.6959003361723519,24.16,30.14,0.6645809244330358,24.04,30.02,0.6676100190374886,24.06,30.1,0.6732637719661245,24.14,30.08,0.6569573010405554,24.04,29.8,0.6362471268918647,23.88,30.02,0.6670078419631777,24.04,29.69,0.6198874912198946,24.16,29.65,0.6184788352642941,23.96,29.62,0.6168190155770058,24.14,29.46,0.5874065472899543,24.17,29.47,0.5842697189231313,24.1,29.39,0.5795444606100878,23.95,29.456,0.5996560627032159,24.088,29.384,0.5762388040036945,24.17,29.37,0.5681535161156338,24.31,29.15,0.5327817906818486,24.17,29.3,0.5623546609382215,24.15,29.33,0.5712563654931672,24.24,29.35,0.5625839600447508,24.36,29.45,0.5534635832869695,24.592,29.41,0.5274363294573695
Klotz_2,23.8,37.7,2.077159215550147,24.68,34.58,1.2979872504201515,25.1,32.22,0.8419039032526731,25.3,31.46,0.6723185791775712,25.58,30.1,0.45723975638964104,25.86,29.6,0.3550500485136381,25.58,29.22,0.3507107655399674,26.06,29.08,0.28429673342395123,25.78,29.36,0.34474470733993595,25.54,29.18,0.3471924566853982,25.74,29.24,0.33712641886181804,25.7,29.24,0.32773620669891373,25.66,29.22,0.3364834288986452,25.74,29.22,0.32724972479583553,25.74,29.16,0.3180101823176657,25.64,29.36,0.3566614668064166,25.72,29.16,0.322087512474798,25.78,29.3,0.33442534391763745,25.68,29.15,0.3280784515695301,25.66,29.19,0.33072337787764633,25.7,29.1,0.31862460941391363,25.86,29.09,0.3045153748240746,25.78,29.15,0.3137713756917482,25.82,29.15,0.3120296703528759,25.96,29.01,0.28216750931697365,25.9,29.09,0.2888048630573429,26.22,29.12,0.26430745724045246,26.26,29.14,0.2582479058828953,26.26,29.0,0.24640299156499226,26.2,28.98,0.24772749543469652
Larrick_1,1.0,1.0,0.0,1.0,1.0,0.0,1.0,1.0,0.0,1.0,1.0,0.0,1.0,1.0,0.0,1.0,1.0,0.0,1.0,0.98,-0.28379410920832715,1.0,1.0,0.0,1.0,1.0,0.0,1.0,1.0,0.0,1.0,1.0,0.0,1.0,1.0,0.0,0.94,1.0,0.49493412634089573,1.0,1.0,0.0,1.0,1.0,0.0,1.0,1.0,0.0,1.0,0.94,-0.49493412634089573,1.0,1.0,0.0,1.0,1.0,0.0,1.0,1.0,0.0,1.0,1.0,0.0,1.0,1.0,0.0,1.0,1.0,0.0,1.0,1.0,0.0,1.0,1.0,0.0,1.0,1.0,0.0,1.0,1.0,0.0,1.0,1.0,0.0,1.0,1.0,0.0,1.0,1.0,0.0
Lofgren_1,0.16,0.24,0.2009116839639764,0.28,0.2,-0.1879024353974611,0.28,0.22,-0.13878712660523884,0.3,0.22,-0.18286895393357405,0.28,0.22,-0.13878712660523884,0.32,0.22,-0.2261179065644222,0.3,0.22,-0.18286895393357405,0.28,0.22,-0.13878712660523884,0.3,0.22,-0.18286895393357405,0.3,0.22,-0.18286895393357405,0.3,0.22,-0.18286895393357405,0.3,0.22,-0.18286895393357405,0.3,0.22,-0.18286895393357405,0.28,0.22,-0.13878712660523884,0.26,0.22,-0.0937310875964742,0.3,0.18,-0.28298141955906786,0.3,0.2,-0.2319842627257963,0.3,0.22,-0.18286895393357405,0.28,0.22,-0.13878712660523884,0.28,0.22,-0.13878712660523884,0.3,0.22,-0.18286895393357405,0.3,0.22,-0.18286895393357405,0.3,0.22,-0.18286895393357405,0.3,0.2,-0.2319842627257963,0.28,0.22,-0.13878712660523884,0.3,0.22,-0.18286895393357405,0.3,0.22,-0.18286895393357405,0.3,0.22,-0.18286895393357405,0.3,0.22,-0.18286895393357405,0.3,0.22,-0.18286895393357405
Lofgren_2,0.24,0.34,0.2211214634013141,0.3,0.22,-0.18286895393357405,0.36,0.22,-0.3105916907927343,0.36,0.16,-0.4639685254515926,0.36,0.18,-0.4107041564182281,0.34,0.14,-0.4780728316384,0.36,0.16,-0.4639685254515926,0.36,0.16,-0.4639685254515926,0.34,0.18,-0.368768778331926,0.36,0.16,-0.4639685254515926,0.36,0.18,-0.4107041564182281,0.38,0.18,-0.4521324145875927,0.36,0.18,-0.4107041564182281,0.36,0.18,-0.4107041564182281,0.36,0.18,-0.4107041564182281,0.36,0.18,-0.4107041564182281,0.34,0.18,-0.368768778331926,0.36,0.18,-0.4107041564182281,0.36,0.18,-0.4107041564182281,0.36,0.18,-0.4107041564182281,0.38,0.18,-0.4521324145875927,0.38,0.18,-0.4521324145875927,0.36,0.18,-0.4107041564182281,0.38,0.18,-0.4521324145875927,0.36,0.18,-0.4107041564182281,0.34,0.18,-0.368768778331926,0.36,0.18,-0.4107041564182281,0.36,0.18,-0.4107041564182281,0.36,0.18,-0.4107041564182281,0.36,0.18,-0.4107041564182281
Marek_1,22.68,26.44,0.587271811704311,21.76,19.24,-0.38695750107182064,20.38,15.38,-0.8622206714516344,20.38,13.06,-1.2113441327497492,20.58,11.18,-1.544592427714011,20.04,9.54,-1.695074457480802,20.0,8.72,-1.8978137460013054,20.04,8.14,-2.0347538607129567,20.14,7.64,-2.2007652016546153,20.12,7.52,-2.1982234303880084,20.06,7.12,-2.3217628433934663,20.06,6.8,-2.386749245586303,20.4,6.52,-2.5118105239483994,20.48,6.22,-2.553174992881327,20.32,6.24,-2.5680254380308214,20.44,6.86,-2.3163535448400867,20.6,6.08,-2.5332222813975767,20.78,6.28,-2.610013529492954,20.44,5.92,-2.6719626977023694,20.9,5.98,-2.7534405507690556,20.64,6.36,-2.3550856352569958,20.82,5.9,-2.7570839631021333,20.8,5.94,-2.6971276479676596,20.64,5.9,-2.70311334924166,20.62,6.12,-2.426639961911736,20.8,5.78,-2.73734333856128,20.64,5.78,-2.7056541773824354,21.28,5.8,-2.8156949524306447,20.86,5.66,-2.8219535806791707,21.78,5.78,-3.2445645595240444
McCaul_1,16.24,21.92,0.3841160443388881,14.74,36.7,0.7098428258526578,18.02,48.32,0.6421204343093178,14.22,54.42,0.6140499675052679,18.46,76.24,0.5441947358661909,26.58,103.22,0.5174514757717295,14.54,47.62,0.696664173309911,18.08,88.86,0.4201340056362739,17.48,78.72,0.4499823524637498,16.94,45.64,0.6584154829900769,14.62,45.82,0.7452380760173188,17.1,44.62,0.6453351836038789,14.34,44.5,0.7541545982999918,14.32,44.68,0.7603255183436068,14.28,44.96,0.7679752817810497,17.0,58.62,0.6570936316778194,14.26,69.96,0.5263947768036044,14.46,63.56,0.6137623595291009,17.28,59.12,0.5124583443466584,14.58,46.1,0.7730563281883522,14.62,47.18,0.8071083655250186,14.74,46.48,0.7869276423600102,14.42,46.38,0.7830424129522265,14.44,47.24,0.7930372727302298,14.46,46.96,0.7939264680767741,14.44,46.86,0.7940589297171218,14.52,47.1,0.7952644265776815,14.42,47.02,0.7960184103923199,14.36,47.04,0.7980925478442196,14.56,65.54,0.49133236456406576
McCaul_2,17.72,38.42,1.8765825121791828,17.04,38.06,1.0328126914350209,18.46,39.76,0.7465386913208513,27.5,65.8,0.3711953482948129,22.66,74.72,0.49965355428151614,31.08,60.98,0.3374913982129199,32.0,53.32,0.2708612739452082,21.18,73.56,0.5727427773594063,21.92,46.7,0.5456009594101625,21.62,38.28,0.5013981339125715,22.32,38.38,0.4974855944920046,21.78,53.74,0.35756313699025705,22.18,36.5,0.465598727759618,22.6,47.56,0.46671361495324787,24.58,37.56,0.38740633066337976,22.5,45.3,0.43555944495463245,29.32,36.52,0.15281382157295628,22.84,36.78,0.44826764403603586,22.64,37.0,0.4671522232213537,26.08,37.08,0.31672313681035524,22.96,37.38,0.46188767109874196,22.96,40.26,0.5160449255281162,22.86,39.88,0.5248985325995053,22.98,37.6,0.47077141743873313,22.88,37.72,0.47769791445978455,23.04,38.08,0.48297744914079777,23.02,38.14,0.48558889100526814,23.02,37.92,0.4797477661588271,25.64,52.44,0.3332801590217846,23.06,38.36,0.4901554604061272
Meng_1,0.68,0.9,0.5590273245649722,0.72,0.76,0.09125227730012053,0.74,0.76,0.04619623829135566,0.74,0.76,0.04619623829135566,0.74,0.74,0.0,0.72,0.74,0.04505603900876487,0.76,0.74,-0.04619623829135566,0.76,0.76,0.0,0.76,0.76,0.0,0.76,0.76,0.0,0.76,0.76,0.0,0.76,0.76,0.0,0.76,0.76,0.0,0.76,0.76,0.0,0.76,0.76,0.0,0.76,0.76,0.0,0.76,0.76,0.0,0.76,0.76,0.0,0.76,0.76,0.0,0.76,0.76,0.0,0.76,0.76,0.0,0.76,0.76,0.0,0.76,0.76,0.0,0.78,0.76,-0.04753484930511842,0.76,0.76,0.0,0.76,0.76,0.0,0.76,0.76,0.0,0.76,0.76,0.0,0.76,0.76,0.0,0.76,0.76,0.0
Nelson_1,0.44,0.54,0.200375462428447,0.46,0.64,0.3638796892419869,0.46,0.6,0.2814435008239897,0.46,0.58,0.24077623298556938,0.46,0.6,0.2814435008239897,0.46,0.58,0.24077623298556938,0.46,0.58,0.24077623298556938,0.46,0.56,0.20037546242844706,0.46,0.56,0.20037546242844706,0.46,0.56,0.20037546242844706,0.46,0.56,0.20037546242844706,0.46,0.56,0.20037546242844706,0.48,0.56,0.16030055674877697,0.48,0.56,0.16030055674877697,0.48,0.56,0.16030055674877697,0.48,0.56,0.16030055674877697,0.48,0.56,0.16030055674877697,0.48,0.56,0.16030055674877697,0.48,0.54,0.12009625438764782,0.48,0.56,0.16030055674877697,0.48,0.56,0.16030055674877697,0.48,0.56,0.16030055674877697,0.48,0.56,0.16030055674877697,0.48,0.56,0.16030055674877697,0.48,0.56,0.16030055674877697,0.48,0.54,0.12009625438764782,0.48,0.54,0.12009625438764782,0.48,0.56,0.16030055674877697,0.48,0.54,0.12009625438764782,0.48,0.54,0.12009625438764782
Nelson_2,0.4,0.64,0.4851520299986587,0.48,0.48,0.0,0.48,0.5,0.04001067435398897,0.48,0.48,0.0,0.48,0.48,0.0,0.52,0.48,-0.08002134870797795,0.48,0.48,0.0,0.48,0.48,0.0,0.48,0.48,0.0,0.48,0.48,0.0,0.48,0.48,0.0,0.48,0.48,0.0,0.48,0.48,0.0,0.48,0.48,0.0,0.48,0.48,0.0,0.48,0.48,0.0,0.48,0.48,0.0,0.48,0.48,0.0,0.48,0.48,0.0,0.48,0.48,0.0,0.48,0.48,0.0,0.48,0.48,0.0,0.48,0.48,0.0,0.48,0.48,0.0,0.48,0.48,0.0,0.48,0.48,0.0,0.48,0.48,0.0,0.48,0.48,0.0,0.48,0.48,0.0,0.48,0.48,0.0
Nelson_3,0.34,0.58,0.4864201402465404,0.44,0.5,0.12028988239478822,0.46,0.42,-0.08060507291825192,0.46,0.44,-0.04020430236112915,0.46,0.46,0.0,0.46,0.44,-0.04020430236112915,0.46,0.44,-0.04020430236112915,0.48,0.44,-0.08027920804079924,0.46,0.44,-0.04020430236112915,0.46,0.44,-0.04020430236112915,0.46,0.44,-0.04020430236112915,0.46,0.44,-0.04020430236112915,0.46,0.44,-0.04020430236112915,0.46,0.44,-0.04020430236112915,0.46,0.44,-0.04020430236112915,0.46,0.44,-0.04020430236112915,0.46,0.44,-0.04020430236112915,0.46,0.44,-0.04020430236112915,0.46,0.42,-0.08060507291825192,0.46,0.44,-0.04020430236112915,0.46,0.44,-0.04020430236112915,0.46,0.42,-0.08060507291825192,0.46,0.44,-0.04020430236112915,0.46,0.44,-0.04020430236112915,0.46,0.44,-0.04020430236112915,0.46,0.44,-0.04020430236112915,0.46,0.44,-0.04020430236112915,0.46,0.44,-0.04020430236112915,0.46,0.44,-0.04020430236112915,0.46,0.44,-0.04020430236112915
Shealy_1,52.24,69.3,1.219727059071498,57.34,64.9,0.6041843907946416,57.5,64.66,0.5450769937042377,58.24,64.7,0.501553276295832,58.68,64.5,0.45828279338222094,58.92,64.7,0.4524388466478056,58.66,64.8,0.4720338769317763,59.08,64.64,0.42894768097533154,58.96,64.74,0.44953418931481653,58.96,64.78,0.44709207067894524,58.9,64.76,0.4501225862817026,58.96,64.92,0.4607540417281489,59.13,64.8,0.4377371702462868,59.16,64.84,0.43716809909317444,59.2,64.82,0.4324724925414653,59.23,64.84,0.42861978598127976,59.22,64.9,0.43725215630986497,59.27,64.86,0.4288026064349347,59.38,64.82,0.4165648797440898,59.52,64.86,0.41188363490110547,59.44,64.84,0.41367668558363385,59.59,64.9,0.4066566193360049,59.6,64.96,0.41158862434824267,59.58,64.96,0.4095644240978343,59.8,64.9,0.38689669255384684,59.692,64.85,0.39378305397613317,59.776,64.86,0.3856053351128816,59.81399999999999,64.92,0.3871729658677539,59.96,64.94,0.3785917972028489,59.9,64.9,0.3791713405088718
Shealy_2,54.6,109.3,1.1874980654373066,80.5,106.22,0.6636879169332309,80.46,105.52,0.6113106192507196,81.36,105.62,0.5902128790714821,81.5,104.6,0.5611463676275907,81.94,103.48,0.5084854569606995,81.88,104.1,0.5279922434091838,82.62,103.72,0.4948638008905653,81.72,103.02,0.4886252571035139,81.66,102.94,0.4987716892765804,81.7,103.2,0.5047402184116528,83.84,103.3,0.46127635550006446,81.64,103.26,0.5053332983974238,81.6,103.24,0.5053277552058782,81.7,103.08,0.49728041333328793,81.54,103.24,0.508505420233886,81.6,103.22,0.5063059573076687,81.5,103.22,0.5095861635449309,81.52,103.18,0.5058528567043131,81.72,103.24,0.5027576991944394,81.52,103.2,0.5065305441682805,81.52,103.12,0.5034105716201225,81.68,103.18,0.5019201166633888,81.48,103.18,0.5063560354711748,81.62,103.18,0.5029002342291482,81.5,103.24,0.5081544256857674,81.58,103.16,0.5032050990577164,81.56,103.18,0.5040248585028815,81.64,103.2,0.5025733816899657,81.68,103.18,0.5016133591461049
Shealy_3,112.46,115.32,0.1428846817346562,115.02,116.36,0.07471969076117417,115.62,117.14,0.08121687815985264,115.94,117.28,0.071398545124331,116.52,118.1,0.08209165033116443,116.54,117.98,0.07347356431781946,116.36,118.4,0.10307914449047131,116.2,118.6,0.11871679838302619,116.48,118.64,0.10466989370767289,116.52,118.32,0.08750489527960374,116.6,118.46,0.08912957087353882,116.52,118.32,0.08623125153767824,116.54,118.24,0.08038931373889203,116.48,118.16,0.07848096435752608,116.4,118.72,0.11300679190811419,116.42,118.64,0.10691376904147883,116.48,118.6,0.10116740703321032,116.3,118.72,0.11559897921773946,116.3,118.56,0.10788545807008498,116.56,118.58,0.09635056924097969,116.58,118.5,0.09163374624287336,116.42,118.6,0.10352941177701237,116.46,118.64,0.10411600144111706,116.46,118.66,0.10478659015112167,116.6,118.72,0.10129034488745062,116.38,118.64,0.10803065217845292,116.5,118.68,0.1043086568221464,116.46,118.68,0.10612355407196494,116.42,118.68,0.10825583198332386,116.38,118.74,0.11334573553140971
Stikvoort_1,0.54,0.48,-0.1200962543876478,0.5,0.54,0.08008558003365884,0.5,0.52,0.04001067435398897,0.54,0.52,-0.04007490567966987,0.52,0.52,0.0,0.52,0.52,0.0,0.52,0.52,0.0,0.52,0.52,0.0,0.52,0.52,0.0,0.52,0.52,0.0,0.52,0.52,0.0,0.52,0.52,0.0,0.52,0.52,0.0,0.52,0.52,0.0,0.52,0.52,0.0,0.52,0.52,0.0,0.52,0.52,0.0,0.52,0.5,-0.04001067435398897,0.52,0.52,0.0,0.52,0.52,0.0,0.52,0.52,0.0,0.52,0.52,0.0,0.52,0.52,0.0,0.52,0.52,0.0,0.52,0.52,0.0,0.52,0.52,0.0,0.52,0.52,0.0,0.52,0.52,0.0,0.52,0.52,0.0,0.52,0.52,0.0
Yeomans_1,0.72,0.88,0.4077144416197304,0.66,0.78,0.2686563127064321,0.7,0.78,0.18286895393357416,0.72,0.74,0.04505603900876487,0.7,0.76,0.13533410462845574,0.7,0.78,0.18286895393357416,0.7,0.76,0.13533410462845574,0.7,0.78,0.18286895393357416,0.72,0.78,0.13878712660523895,0.72,0.76,0.09125227730012053,0.7,0.76,0.13533410462845574,0.7,0.76,0.13533410462845574,0.7,0.76,0.13533410462845574,0.7,0.76,0.13533410462845574,0.7,0.76,0.13533410462845574,0.68,0.76,0.17858305725930368,0.7,0.76,0.13533410462845574,0.72,0.76,0.09125227730012053,0.7,0.76,0.13533410462845574,0.72,0.76,0.09125227730012053,0.7,0.76,0.13533410462845574,0.68,0.76,0.17858305725930368,0.7,0.76,0.13533410462845574,0.7,0.76,0.13533410462845574,0.7,0.76,0.13533410462845574,0.68,0.76,0.17858305725930368,0.68,0.76,0.17858305725930368,0.66,0.78,0.2686563127064321,0.68,0.76,0.17858305725930368,0.66,0.76,0.22112146340131367
Yeomans_2,0.72,0.76,0.0912522773001205,0.76,0.84,0.20091168396397663,0.78,0.84,0.1533768346588582,0.74,0.88,0.3626584026109656,0.78,0.84,0.1533768346588582,0.78,0.84,0.1533768346588582,0.78,0.84,0.1533768346588582,0.78,0.84,0.1533768346588582,0.78,0.84,0.1533768346588582,0.78,0.84,0.1533768346588582,0.8,0.84,0.10426152586663617,0.78,0.84,0.1533768346588582,0.78,0.84,0.1533768346588582,0.78,0.84,0.1533768346588582,0.78,0.84,0.1533768346588582,0.78,0.84,0.1533768346588582,0.78,0.84,0.1533768346588582,0.78,0.84,0.1533768346588582,0.78,0.84,0.1533768346588582,0.78,0.84,0.1533768346588582,0.78,0.84,0.1533768346588582,0.78,0.84,0.1533768346588582,0.78,0.84,0.1533768346588582,0.78,0.84,0.1533768346588582,0.8,0.84,0.10426152586663617,0.78,0.84,0.1533768346588582,0.78,0.84,0.1533768346588582,0.78,0.84,0.1533768346588582,0.78,0.84,0.1533768346588582,0.78,0.84,0.1533768346588582
Yeomans_3,1.0,0.94,-0.4949341263408957,1.0,0.92,-0.5735131044230966,1.0,0.94,-0.49493412634089573,1.0,0.94,-0.49493412634089573,1.0,0.94,-0.49493412634089573,1.0,0.94,-0.49493412634089573,1.0,0.94,-0.49493412634089573,1.0,0.94,-0.49493412634089573,1.0,0.94,-0.49493412634089573,1.0,0.94,-0.49493412634089573,1.0,0.94,-0.49493412634089573,1.0,0.94,-0.49493412634089573,1.0,0.94,-0.49493412634089573,1.0,0.94,-0.49493412634089573,1.0,0.94,-0.49493412634089573,1.0,0.94,-0.49493412634089573,1.0,0.94,-0.49493412634089573,1.0,0.94,-0.49493412634089573,1.0,0.94,-0.49493412634089573,1.0,0.94,-0.49493412634089573,1.0,0.94,-0.49493412634089573,1.0,0.94,-0.49493412634089573,1.0,0.94,-0.49493412634089573,1.0,0.94,-0.49493412634089573,1.0,0.94,-0.49493412634089573,1.0,0.94,-0.49493412634089573,1.0,0.94,-0.49493412634089573,1.0,0.94,-0.49493412634089573,1.0,0.94,-0.49493412634089573,1.0,0.94,-0.49493412634089573
