study_id,reference,title,year,intervention_category,intervention_technique,type_experiment,environmental_context,economic_cost,cultural_meaning,behavior_scrutiny,suitable_for_longitudinal,control_group_scenario_prompt,intervention_group_scenario_prompt,response_instruction,response_options,n_study,n_comparison,n_control,n_intervention,binary_outcome,mean_control,sd_control,mean_intervention,sd_intervention,effect_size,effect_label,variance_d,ci_lower,ci_upper
Arana_1,Arana & Leon (2012),Can defaults save the climate? Evidence from a field experiment on carbon offsetting programs,2012,structure,default,natural_field,Green transportation,low,high,medium,1,"You are registering for a professional conference in Gran Canaria. During registration, you are informed that travel to the event contributes to global greenhouse gas emissions. You have the option to add a small carbon offset contribution to your conference fee. This supports verified environmental projects such as reforestation and clean energy. If you want to participate, you can check a box to add. The future is built by choices we make today — join us in supporting a greener planet.","You are registering for a professional conference in Gran Canaria. During registration, you are informed that travel to the event contributes to global greenhouse gas emissions. Your registration fee already includes a small carbon offset contribution that helps fund verified environmental projects like forest protection and renewable energy. If you prefer not to support the carbon offset program, you may uncheck the contribution. The future is built by choices we make today — thank you for joining us in building a more sustainable world.",Would you like to add the carbon offset contribution to your registration?,"Yes, I want to support climate action. (1); No, I prefer not to contribute. (0)",1680,1680,856,824,1,0.45,,0.57,,0.2406,1,0.0024,0.1445817664728938,0.3366182335271062
Bamberg_1,Bamberg (2002),Effects of implementation intention on the actual performance of new environmentally friendly behaviours - Results of two field experiments,2002,assistance,commitment,conventional_lab,Green transportation,medium,medium,medium,1,"You are taking part in a test of a new university circular bus route. You receive a test ticket and are asked to make one trip on the route within the next seven days. After the trip, you are to return the cancelled ticket together with the completed test protocol.","You are taking part in a test of a new university circular bus route. You receive a test ticket and are asked to make one trip on the route within the next seven days. After the trip, you are to return the cancelled ticket together with the completed test protocol. Before the seven-day period begins, decide and write down the exact day, time, and boarding stop for your trip.","At the end of the seven-day period, did you make the bus trip and return the cancelled ticket with the completed test protocol?","Yes, I did (1); No, I did not (0)",90,90,45,45,1,0.311,,0.533,,0.4541,1,0.0456,0.035566223318055,0.872633776681945
Bamberg_2,Bamberg (2002),Effects of implementation intention on the actual performance of new environmentally friendly behaviours - Results of two field experiments,2002,assistance,commitment,conventional_lab,Green purchasing,medium,medium,medium,1,"A research assistant tells you about a local organic food shop called Klatschmohn. You are asked to act as a test buyer and to buy organic food at least once within the next 7 days at this shop. You will receive a voucher worth 2.5 Euros that can be used when making the purchase.","A research assistant tells you about a local organic food shop called Klatschmohn. You are asked to act as a test buyer and to buy organic food at least once within the next 7 days at this shop. You will receive a voucher worth 2.5 Euros that can be used when making the purchase. From experience, people are more likely to follow through on their intention if they decide in advance exactly when they will act. Please think about the exact day and time within the next 7 days when you will go to the shop.",Did you actually redeem your voucher and send back the test protocol after buying something at the bio-shop within the next 7 days?,"Yes (1), No (0)",159,159,79,80,1,0.342,,0.5,,0.3215,1,0.0255,0.0085188505233898,0.6344811494766102
Bamberg_3,Bamberg (2002),Effects of implementation intention on the actual performance of new environmentally friendly behaviours - Results of two field experiments,2002,assistance,commitment,conventional_lab,Green purchasing,medium,medium,medium,1,"A research assistant invites you to be a test buyer at a local organic food shop called Klatschmohn. You receive a €7.50 voucher and are asked to use it to buy something at the shop once within the next seven days, then return the completed test protocol.","A research assistant invites you to be a test buyer at a local organic food shop called Klatschmohn. You receive a €7.50 voucher and are asked to use it to buy something at the shop once within the next seven days, then return the completed test protocol. Before the seven-day period begins, decide and write down the exact day and time when you will go to the shop.","At the end of the seven-day period, did you use the voucher to make a purchase at Klatschmohn and return the completed test protocol?","Yes, I did (1); No, I did not (0)",160,160,81,79,1,0.543,,0.608,,0.1316,1,0.0251,-0.1789166926260528,0.4421166926260528
Bohm_1,Bohm et al. (2016),Outcome valence and externality valence framing in public good dilemmas,2016,information,translation,conventional_lab,Environmental donation,medium,high,high,1,"Our city is at a moderate level in environmental ratings (currently scoring 0), but we can do better. If everyone donates, the environmental score will increase by 50 points, making the city greener. Your donation will be doubled by the government, doubling its impact. Now is our opportunity to improve the urban environment together.","Our city's environmental rating is lower than the national average (current score -50) and urgently needs improvement. If everyone donates, the environmental score will increase by 50 points and the city will return to green standards. Your donation will be doubled by the government, doubling its impact. This isn’t just about numbers — it’s about your neighborhood, your health, your children's future. Together, we can turn things around — but only if we act now.",How much money would you like to contribute to improve environmental friendliness in your city?,Please output any amount from 0 to 100 Euros (continuous scale).,167,167,84,83,0,50.86,34.19,60.96,35.24,0.2909,1,0.0242,-0.0139988413569291,0.5957988413569291
Broman_1,Broman et al. (2014),"The importance of framing for consumer acceptance of the smart Grid: A comparative study of Denmark, Norway, and Switzerland",2014,structure,default,artefactual_field,Energy conservation,low,medium,low,0,"You live in Switzerland. Your electricity company offers to install a smart meter with remote-control functionality at no additional cost. The meter will not be installed by default. To request installation, select “Agree” on the website.","You live in Switzerland. Your electricity company offers to install a smart meter with remote-control functionality at no additional cost. The meter will be installed by default. To decline installation, select “Do not agree” on the website.",Would you accept having a smart meter with remote control installed in your home?,"Yes (1), No (0)",945,945,473,472,1,0.47,,0.74,,0.5607,1,0.0044,0.4306906972134141,0.6907093027865858
Broman_2,Broman et al. (2014),"The importance of framing for consumer acceptance of the smart Grid: A comparative study of Denmark, Norway, and Switzerland",2014,structure,default,artefactual_field,Energy conservation,low,medium,low,0,"You live in Denmark. Your electricity company can install a smart meter with remote-control functionality in your home at no additional cost. On a survey page, the decision is framed as the statement: “Yes, I agree to have a smart meter with remote control installed in my home.”","You live in Denmark. Your electricity company can install a smart meter with remote-control functionality in your home at no additional cost. On a survey page, the decision is framed as the statement: “No, I would not like to have a smart meter with remote control installed in my home.”",What is your decision about the installation?,Have the smart meter installed (1); Do not have it installed (0),956,956,478,478,1,0.6,,0.79,,0.4174,1,0.0043,0.288876566615326,0.545923433384674
Broman_3,Broman et al. (2014),"The importance of framing for consumer acceptance of the smart Grid: A comparative study of Denmark, Norway, and Switzerland",2014,structure,default,artefactual_field,Energy conservation,low,medium,low,0,"You live in Norway. Your electricity company offers to install a smart meter with remote-control functionality at no additional cost. The meter will not be installed by default. To request installation, select “Agree” on the website.","You live in Norway. Your electricity company offers to install a smart meter with remote-control functionality at no additional cost. The meter will be installed by default. To decline installation, select “Do not agree” on the website.",Would you accept having a smart meter with remote control installed in your home?,"Yes (1), No (0)",901,901,451,450,1,0.58,,0.76,,0.3862,1,0.0045,0.2547216189135127,0.5176783810864872
Bruns_1,Bruns et al. (2018),Can nudges be transparent and yet effective?,2018,structure,default,conventional_lab,Green transportation,low,high,medium,1,You receive €10 in a decision-making experiment. You decide how much of it to contribute to a climate protection fund; the remainder stays with you. An actual organization will use the contribution to retire carbon-emission allowances. The screen contains an empty amount field in which you can enter any whole-euro contribution from €0 to €10.,You receive €10 in a decision-making experiment. You decide how much of it to contribute to a climate protection fund; the remainder stays with you. An actual organization will use the contribution to retire carbon-emission allowances. The screen offers a one-click “Contribute €8” button and a “Different amount” button that opens a field for any whole-euro contribution from €0 to €10.,"Using the screen described, what whole-euro contribution would you submit?",Enter one whole number from 0 to 10.,256,256,85,171,0,1.82,2.66,2.95,2.98,0.3926,1,0.0179,0.1303746905990483,0.6548253094009517
Camilleri_1,Camilleri & Larrick (2014),Metric and scale design as choice architecture tools,2014,information,translation,artefactual_field,Other,high,low,low,1,"You are choosing one of two vehicles to purchase and gasoline costs $4.00 per gallon. The display shows: Vehicle A—price $18,000; fuel consumption 5.0 gallons per 100 miles. Vehicle B—price $21,000; fuel consumption 4.0 gallons per 100 miles.","You are choosing one of two vehicles to purchase and gasoline costs $4.00 per gallon. The display shows: Vehicle A—price $18,000; fuel cost $20 per 100 miles. Vehicle B—price $21,000; fuel cost $16 per 100 miles.",Which vehicle would you purchase?,Vehicle B (1); Vehicle A (0),424,282,141,141,1,0.587,,0.751,,0.351,1,0.0144,0.1158043218551935,0.5861956781448064
Camilleri_2,Camilleri & Larrick (2014),Metric and scale design as choice architecture tools,2014,information,translation,artefactual_field,Other,high,low,low,1,"You are choosing one of two vehicles to purchase and gasoline costs $4.00 per gallon. The display shows: Vehicle A—price $18,000; fuel consumption 750 gallons per 15,000 miles. Vehicle B—price $21,000; fuel consumption 600 gallons per 15,000 miles.","You are choosing one of two vehicles to purchase and gasoline costs $4.00 per gallon. The display shows: Vehicle A—price $18,000; fuel cost $3,000 per 15,000 miles. Vehicle B—price $21,000; fuel cost $2,400 per 15,000 miles.",Which vehicle would you purchase?,Vehicle B (1); Vehicle A (0),484,322,161,161,1,0.473,,0.57,,0.1945,1,0.0125,-0.0246306351441453,0.4136306351441454
Camilleri_3,Camilleri & Larrick (2014),Metric and scale design as choice architecture tools,2014,information,translation,artefactual_field,Other,high,low,low,1,"You are presented with a series of choices between two vehicles. Vehicle A: Price $32789, fuel consumption 7.0 gallons per 100 miles; Vehicle B: Price $34789, fuel consumption 6.0 gallons per 100 miles.   ","You are presented with a series of choices between two vehicles. Vehicle A: Price $32789, cost of gas $28 per 100 miles; Vehicle B: Price $34789, cost of gas $24 per 100 miles.","Which vehicle do you prefer?","1 =Vehicle B, 0 = Vehicle A",424,283,142,141,1,0.672,,0.751,,0.1747,1,0.0142,-0.0588566639037657,0.4082566639037657
Camilleri_4,Camilleri & Larrick (2014),Metric and scale design as choice architecture tools,2014,information,translation,artefactual_field,Other,high,low,low,1,"You are presented with a series of choices between two vehicles. Vehicle A: Price $32789, fuel consumption 1050 gallons per 15,000 miles; Vehicle B: Price $34789, fuel consumption 900 gallons per 15,000 miles.  ","You are presented with a series of choices between two vehicles. Vehicle A: Price $32789, cost of gas $4200 per 15,000 miles; Vehicle B: Price $34789, cost of gas $3600 per 15,000 miles.","Which vehicle do you prefer?","1 =Vehicle B, 0 = Vehicle A",484,323,162,161,1,0.552,,0.57,,0.0363,0,0.0124,-0.1819523525110488,0.2545523525110489
Catlin_1,Catlin & Wang (2013),Recycling gone bad: When the option to recycle increases resource consumption,2013,structure,consequence,conventional_lab,Recycling or reuse,low,medium,low,1,"You are participating in a product evaluation study. You are asked to evaluate a new pair of scissors. To do so, you will cut shapes (such as triangles, squares, etc.) out of a stack of white paper using the scissors provided. You can use as much paper as you like, and you may cut as many shapes as you wish. After cutting, please dispose of any paper scraps in the trash can provided in the room, where they will be processed as waste. You will then continue evaluating the scissors.","You are participating in a product evaluation study. You are asked to evaluate a new pair of scissors. To do so, you will cut shapes (such as triangles, squares, etc.) out of a stack of white paper using the scissors provided. You can use as much paper as you like, and you may cut as many shapes as you wish. After cutting, please dispose of any paper scraps in the receptacles provided in the room (a recycling bin and a trash can). Paper placed in the recycling bin can be reused, while paper placed in the trash can will be processed as waste. You will then continue evaluating the scissors.",How much paper would you use for this task?,Please report the quantity of paper used (in grams).,43,43,22,21,0,9.45,,27.9,,-0.7139,-1,0.099,-1.3305882707241303,-0.0972117292758696
Chabeferret_1,Chabe-ferret et al. (2024),When Nudges Backfire: Evidence from a Randomised Field Experiment to Boost Biological Pest Control,2024,information,social_reference,natural_field,Other,high,high,high,0,"You are a wine grower managing your vineyard. You are invited to learn about a biological pest control method called mating disruption, which can be used to control grapevine moths. This technique is an alternative to chemical pesticides and can be applied to your vineyard.","You are a wine grower managing your vineyard. You are invited to learn about a biological pest control method called mating disruption, which can be used to control grapevine moths. This technique is an alternative to chemical pesticides and can be applied to your vineyard. In your region, more than 5,500 hectares of vineyards are already using this method, and a nearby cooperative plans to apply it to their entire vineyard area. The cooperative strongly promotes this method and encourages growers like you to adopt it, but no additional financial support or incentives are currently offered.'",Would you adopt this pest control method in your vineyard?,"0 = no adoption, 1 = adoption",532,532,266,266,1,0.4,,0.2,,-0.4421,-1,0.0077,-0.6141575683312818,-0.2701288076746256
Demarque_1,Demarque et al. (2015),Nudging sustainable consumption: The use of descriptive norms to promote a minority behavior in a realistic online shopping environment,2015,information,social_reference,conventional_lab,Green purchasing,medium,high,high,1,This shop sells several daily usage products. Some products are standard products and some are ecological products. You are shopping for everyday items with a budget.,"This shop sells several daily usage products. Some products are standard products and some are ecological products. You are shopping for everyday items with a budget. For your information, it was typical for previous participants to choose many ecological products in their purchases.",How many ecological products do you purchase?,Write a number. ,122,61,29,32,0,2.0,2.45,3.25,2.24,0.5337,1,0.0681,0.0222282552386007,1.045171744761399
Demarque_2,Demarque et al. (2015),Nudging sustainable consumption: The use of descriptive norms to promote a minority behavior in a realistic online shopping environment,2015,information,social_reference,conventional_lab,Green purchasing,medium,high,high,1,This shop sells several daily usage products. Some products are standard products and some are ecological products. You are shopping for everyday items with a budget.,"This shop sells several daily usage products. Some products are standard products and some are ecological products. You are shopping for everyday items with a budget. For your information, 90% of previous participants included many ecological products in their purchases.",How many ecological products do you purchase?,Write a number. ,235,78,41,37,0,1.56,2.16,2.57,2.15,0.4686,1,0.0528,0.0182345642340546,0.9189654357659454
Demarque_3,Demarque et al. (2015),Nudging sustainable consumption: The use of descriptive norms to promote a minority behavior in a realistic online shopping environment,2015,information,social_reference,conventional_lab,Green purchasing,medium,high,high,1,This shop sells several daily usage products. Some products are standard products and some are ecological products. You are shopping for everyday items with a budget.,"This shop sells several daily usage products. Some products are standard products and some are ecological products. You are shopping for everyday items with a budget. For your information, 70% of previous participants included many ecological products in their purchases.",How many ecological products do you purchase?,Write a number. ,235,79,41,38,0,1.56,2.16,2.29,1.84,0.3627,1,0.0515,-0.0820866109335435,0.8074866109335436
Demarque_4,Demarque et al. (2015),Nudging sustainable consumption: The use of descriptive norms to promote a minority behavior in a realistic online shopping environment,2015,information,social_reference,conventional_lab,Green purchasing,medium,high,high,1,"You are shopping in the Greenshop, a realistic online grocery store with 84 everyday products, including 24 eco-labeled alternatives. You have a €25 budget, and one in five participants will receive the basket they actually selected. Before shopping, the page states: “This shop sells several daily-use products.” Complete the basket as if it were your own purchase.","You are shopping in the Greenshop, a realistic online grocery store with 84 everyday products, including 24 eco-labeled alternatives. You have a €25 budget, and one in five participants will receive the basket they actually selected. Before shopping, the page states: “This shop sells several daily-use products.” It then adds: “For your information, 9% of previous participants purchased one ecological product.” Complete the basket as if it were your own purchase.","After completing your basket, how many eco-labeled products does it contain?",Enter a whole number from 0 to 24.,122,60,29,31,0,2.0,2.45,2.84,2.38,0.348,1,0.0677,-0.1619674128422249,0.8579674128422249
Demarque_5,Demarque et al. (2015),Nudging sustainable consumption: The use of descriptive norms to promote a minority behavior in a realistic online shopping environment,2015,information,social_reference,conventional_lab,Green purchasing,medium,high,high,1,This shop sells several daily usage products. Some products are standard products and some are ecological products. You are shopping for everyday items with a budget.,"This shop sells several daily usage products. Some products are standard products and some are ecological products. You are shopping for everyday items with a budget. For your information, it was typical for previous participants to choose many ecological products in their purchases.",How many ecological products do you purchase?,Write a number. ,235,81,41,40,0,1.56,2.16,2.22,1.83,0.3294,1,0.0501,-0.1092993126468009,0.768099312646801
Demarque_6,Demarque et al. (2015),Nudging sustainable consumption: The use of descriptive norms to promote a minority behavior in a realistic online shopping environment,2015,information,social_reference,conventional_lab,Green purchasing,medium,high,high,1,This shop sells several daily usage products. Some products are standard products and some are ecological products. You are shopping for everyday items with a budget.,"This shop sells several daily usage products. Some products are standard products and some are ecological products. You are shopping for everyday items with a budget. For your information, 70% of previous participants included many ecological products in their purchases.",How many ecological products do you purchase?,Write a number. ,122,59,29,30,0,2.0,2.45,2.77,2.31,0.3236,1,0.0687,-0.1901199830468797,0.8373199830468797
Demarque_7,Demarque et al. (2015),Nudging sustainable consumption: The use of descriptive norms to promote a minority behavior in a realistic online shopping environment,2015,information,social_reference,conventional_lab,Green purchasing,medium,high,high,1,"You are shopping in the Greenshop, a realistic online grocery store with 84 everyday products, including 24 eco-labeled alternatives. You have a €25 budget, and one in five participants will receive the basket they actually selected. Before shopping, the page states: “This shop sells several daily-use products.” Complete the basket as if it were your own purchase.","You are shopping in the Greenshop, a realistic online grocery store with 84 everyday products, including 24 eco-labeled alternatives. You have a €25 budget, and one in five participants will receive the basket they actually selected. Before shopping, the page states: “This shop sells several daily-use products.” It then adds: “For your information, 1% of previous participants purchased one ecological product.” Complete the basket as if it were your own purchase.","After completing your basket, how many eco-labeled products does it contain?",Enter a whole number from 0 to 24.,235,81,41,40,0,1.56,2.16,1.77,1.54,0.1117,1,0.0495,-0.3243644581072381,0.5477644581072381
Demarque_8,Demarque et al. (2015),Nudging sustainable consumption: The use of descriptive norms to promote a minority behavior in a realistic online shopping environment,2015,information,social_reference,conventional_lab,Green purchasing,medium,high,high,1,"You are shopping in the Greenshop, a realistic online grocery store with 84 everyday products, including 24 eco-labeled alternatives. You have a €25 budget, and one in five participants will receive the basket they actually selected. Before shopping, the page states: “This shop sells several daily-use products.” Complete the basket as if it were your own purchase.","You are shopping in the Greenshop, a realistic online grocery store with 84 everyday products, including 24 eco-labeled alternatives. You have a €25 budget, and one in five participants will receive the basket they actually selected. Before shopping, the page states: “This shop sells several daily-use products.” It then adds: “For your information, 9% of previous participants purchased one ecological product.” Complete the basket as if it were your own purchase.","After completing your basket, how many eco-labeled products does it contain?",Enter a whole number from 0 to 24.,235,80,41,39,0,1.56,2.16,1.67,1.9,0.054,0,0.05,-0.3842612702882907,0.4922612702882907
Dickerson_1,Dickerson et al. (1992),Using cognitive dissonanace to encourage water conservation,1992,assistance,commitment,framed_field,Other,low,high,high,1,You are on your way to take a shower after swimming.,"As you leave the pool on your way to shower, a representative of the campus water conservation office asks whether you support water conservation. After you say yes, you answer a brief survey about whether you always turn off the water while soaping, whether you always shower as briefly as possible or sometimes linger, the length of a water-efficient shower, and your usual shower length. You then print your name on a flyer that reads: “Please conserve water. Take shorter showers. Turn showers off while soaping up. If I can do it, so can you!” The flyer will be attached to posters distributed around campus. You then proceed to the shower.","How long did your shower last, measured as the total time the water was running?",Enter the duration in seconds.,60,40,20,20,0,301.8,142.32,247.7,104.05,0.434,1,0.1024,-0.1931884750528172,1.061188475052817
Dickerson_2,Dickerson et al. (1992),Using cognitive dissonanace to encourage water conservation,1992,assistance,reminder,framed_field,Energy conservation,low,medium,medium,1,You are on your way to take a shower after swimming.,"You are on your way to take a shower after swimming. Before you enter, a member of the campus water conservation team greets you and asks if you support saving water. After you agree, she invites you to answer a few short questions to help raise awareness of daily water use: “Do you turn off the water while soaping or shampooing?” “Do you ever take longer showers than necessary?” “What do you think is a reasonable length of time for a quick, water-saving shower (in minutes)?” “On average, how long do you usually shower here at the Field House?” She thanks you for your input and reminds you: “Every second counts. A shorter shower saves both water and energy.” You realize that you should save time during your shower to conserve water resources. You then proceed to take your shower as usual.",How long did you spend taking a shower this time?(You usually take a shower for about 300 seconds),Please output actual duration of your shower in seconds.,60,40,20,20,0,301.8,142.32,248.3,146.07,0.371,1,0.1017,-0.2540410883010753,0.9960410883010752
Dinner_1,Dinner et al. (2011),Partitioning default effects: Why people choose not to choose,2011,structure,default,artefactual_field,Energy conservation,medium,medium,medium,0,"You have just completed major renovations in your home. The contractor informs you that all the new light fixtures have been installed with incandescent bulbs, which are cheaper but less efficient. The contractor now asks: “Are you okay with the incandescent bulbs, or would you prefer to switch to compact fluorescent (CFL) bulbs, which are more expensive but energy efficient? If you want to switch, we can do so at no extra labor cost.","You have just completed major renovations in your home. The contractor informs you that all the new light fixtures have been installed with compact fluorescent (CFL) bulbs, which are more expensive but energy efficient. The contractor now asks: “Are you okay with the CFL bulbs, or would you prefer to switch to incandescent bulbs, which are cheaper but less efficient? If you want to switch, we can do so at no extra labor cost.",Which type of light bulbs do you choose to keep in your home?,"Incandescent bulb (0), compact fluorescent lamp (CFL) bulb (1), first output a brief reason, then output a number.",126,126,63,63,1,0.19,,0.58,,0.8294,1,0.0345,0.4653528474030495,1.1934471525969506
Dinner_2,Dinner et al. (2011),Partitioning default effects: Why people choose not to choose,2011,structure,default,artefactual_field,Energy conservation,medium,medium,medium,0,"You have just completed major renovations in your home. The contractor informs you that all the new light fixtures have been installed with incandescent bulbs, which are cheaper but less efficient. The contractor now asks: “Are you okay with the incandescent bulbs, or would you prefer to switch to compact fluorescent (CFL) bulbs, which are more expensive but energy efficient? If you want to switch, we can do so at no extra labor cost.","You have just completed major renovations in your home. The contractor informs you that all the new light fixtures have been installed with compact fluorescent (CFL) bulbs, which are more expensive but energy efficient. The contractor now asks: “Are you okay with the CFL bulbs, or would you prefer to switch to incandescent bulbs, which are cheaper but less efficient? If you want to switch, we can do so at no extra labor cost.",Which type of light bulbs do you choose to keep in your home?,"Incandescent bulb (0), compact fluorescent lamp (CFL) bulb (1), first output a number, then output a brief reason.",190,190,95,95,1,0.202,,0.438,,0.5142,1,0.0217,0.2254792761004805,0.8029207238995194
Dinner_3,Dinner et al. (2011),Partitioning default effects: Why people choose not to choose,2011,structure,default,artefactual_field,Energy conservation,medium,medium,medium,0,"You have just completed major renovations in your home. The contractor informs you that all the new light fixtures have been installed with incandescent bulbs, which are cheaper but less efficient. The contractor now asks: “Are you okay with the incandescent bulbs, or would you prefer to switch to compact fluorescent (CFL) bulbs, which are more expensive but energy efficient? If you want to switch, we can do so at no extra labor cost.","You have just completed major renovations in your home. The contractor informs you that all the new light fixtures have been installed with compact fluorescent (CFL) bulbs, which are more expensive but energy efficient. The contractor now asks: “Are you okay with the CFL bulbs, or would you prefer to switch to incandescent bulbs, which are cheaper but less efficient? If you want to switch, we can do so at no extra labor cost.",Which type of light bulbs do you choose to keep in your home?,"Incandescent bulb (0), compact fluorescent lamp (CFL) bulb (1).",126,126,63,63,1,0.236,,0.465,,0.4862,1,0.0327,0.1317769428540266,0.8406230571459734
Ebeling_1,Ebeling & Lotz (2015),Domestic uptake of green energy promoted by opt-out tariffs,2015,structure,default,natural_field,Energy conservation,medium,medium,medium,0,"You are on an energy provider’s real ordering page after entering your household size, annual electricity use, and postcode. Beneath each available contract is an unchecked box labeled “100% green (+0.3 cents per unit),” followed by an “Order now” button. You can click “Order now” as displayed or change the checkbox first.","You are on an energy provider’s real ordering page after entering your household size, annual electricity use, and postcode. Beneath each available contract is a checked box labeled “100% green (+0.3 cents per unit),” followed by an “Order now” button. You can click “Order now” as displayed or change the checkbox first.","With the ordering page in front of you, which contract setup do you submit?",Submit with 100% green energy included (1); Submit without the green-energy option (0),41952,41952,20976,20976,1,0.072,,0.691,,1.4194,1,0.0001,1.3998003601545994,1.4389996398454006
Ebeling_2,Ebeling & Lotz (2015),Domestic uptake of green energy promoted by opt-out tariffs,2015,structure,default,artefactual_field,Energy conservation,medium,medium,medium,0,"Imagine you are on an energy provider’s ordering page after entering your household size, annual electricity use, and postcode. Beneath each available contract is an unchecked box labeled “100% green (+0.3 cents per unit),” followed by an “Order now” button. You can click “Order now” as displayed or change the checkbox first.","Imagine you are on an energy provider’s ordering page after entering your household size, annual electricity use, and postcode. Beneath each available contract is a checked box labeled “100% green (+0.3 cents per unit),” followed by an “Order now” button. You can click “Order now” as displayed or change the checkbox first.","With the ordering page in front of you, which contract setup do you submit?",Submit with 100% green energy included (1); Submit without the green-energy option (0),290,290,145,145,1,0.3416,,0.938,,1.3899,1,0.0171,1.1336014517523176,1.6461985482476822
Everett_1,Everett et al. (2015),Doing good by doing nothing? The role of social norms in explaining default effects in altruistic context,2015,structure,default,artefactual_field,Environmental donation,low,high,medium,1,"You have completed a short online task and are told that, in addition to your payment for participating, you will receive a $0.50 bonus. By default, this bonus money will be paid to you. If you would rather have this money donated to Greenpeace (an environmental charity), you can choose to do so by indicating your preference on the next page. Turn your bonus into impact — donate $0.50 to protect the planet with Greenpeace!","You have completed a short online task and are told that, in addition to your payment for participating, you will receive a $0.50 bonus. By default, this bonus money will be donated to Greenpeace (an environmental charity). If you would rather keep this money for yourself, you can choose to do so by indicating your preference on the next page. Turn your bonus into impact — donate $0.50 to protect the planet with Greenpeace!",Did you choose to donate the money to Greenpeace?,"Yes (1), No (0)",150,150,75,75,1,0.11,,0.23,,0.3242,1,0.027,0.0021450541309117,0.6462549458690883
Gong_1,Gong et al. (2017),Testing the scenario hypothesis: An experimental comparison of scenarios and forecasts for decision support in a complex decision environment,2017,information,translation,conventional_lab,Other,high,medium,high,1,"You are asked to recommend a management strategy for your community’s fishery that balances economic (profit) and environmental (fish population) objectives under uncertainty. Using a decision support tool, you explore various strategies and see their projected results, including the expected (mean) outcome and probable range (standard deviation) for both profit and fish population. You can also choose to view extreme cases (5th–95th percentile). Please use this information to select the best fishery management strategy for your community.","You are asked to recommend a management strategy for your community’s fishery that balances economic (profit) and environmental (fish population) objectives under uncertainty. Using a decision support tool, you explore various strategies and see their projected outcomes under three distinct future scenarios: 1. Resilient Fishery & Economy 2. Resilient Fishery & Vulnerable Economy 3. Vulnerable Fishery & Economy (worst case) Each scenario represents a possible future without indicating their likelihood. Please use this scenario information to select the best fishery management strategy for your community.",Which would you prefer?,"1 = A reliable strategy with moderate returns and low variability  
0 = A strategy with the potential for significantly higher long-term returns, though outcomes may vary more depending on conditions
",175,175,88,87,1,0.08,,0.25,,0.4737,1,0.0235,0.1732432106170474,0.7741567893829526
Handgraaf_1,Handgraaf et al. (2013),Public praise vs. private pay: Effects of rewards on energy conservation in the workplace,2013,information,visibility,framed_field,Green transportation,low,high,high,1,"You follow your usual work routine in the office. This week, you receive no report about your energy use, reward, or public recognition.","You follow your usual work routine in the office. Each week, you receive a Personal Energy Saving Report comparing your energy use with your baseline. A table visible to colleagues also displays your name, a score from 5.0 to 10.0 based on your savings, and a short positive performance comment.",how much energy did you save this week compared to last week?,"Enter the amount of energy you saved compared to last week (0–100, number only):
“__”",32,32,16,16,0,0.43,4.27,3.74,6.05,0.6321,1,0.1312,-0.0778291494755439,1.342029149475544
Hedlin_1,Hedlin & Sunstein (2016),Does active choosing promote green energy use? Experimental evidence,2016,structure,default,artefactual_field,Energy conservation,medium,medium,medium,0,Assume your state government offers every household the option of joining a new green-energy program supplied by a provider that is more environmentally friendly than your current provider. You are not enrolled. You may opt in to the green provider or make no change and keep your current provider.,"Assume your state government cancels all existing energy plans and requires every household to choose a provider. You must choose either a new green provider that is more environmentally friendly than your previous provider or another, less environmentally friendly provider, including the provider you used before.",Which provider do you choose in the situation shown?,The new green-energy provider (1); The current or another non-green provider (0),1037,1037,345,346,1,0.69,,0.82,,0.3047,1,0.0059,0.1541523097417455,0.4552476902582545
Hedlin_2,Hedlin & Sunstein (2016),Does active choosing promote green energy use? Experimental evidence,2016,structure,default,artefactual_field,Energy conservation,medium,medium,medium,0,Assume your state government offers every household the option of joining a new green-energy program supplied by a provider that is more environmentally friendly than your current provider. You are not enrolled. You may opt in to the green provider or make no change and keep your current provider.,"Assume your state government automatically enrolls every household in a new green-energy program supplied by a provider that is more environmentally friendly than the previous provider. You may stay enrolled or opt out and choose another provider, including your previous provider.",Which provider do you choose in the situation shown?,The new green-energy provider (1); The current or another non-green provider (0),1037,1037,345,346,1,0.69,,0.76,,0.1571,1,0.0058,0.0078335899807799,0.30636641001922
Hershfield_1,Hershfield et al. (2014),National differences in environmental concern and performance are predicted by country age,2014,information,translation,artefactual_field,Green transportation,medium,high,high,1,"You are an American. You are shown a timeline that depicts the beginning of the Roman Empire (27 BC) on the left and “Now” on the right. On this timeline, the founding of the United States is marked near the right end, suggesting that the U.S. has a relatively short, recent history. After viewing this timeline, you are asked to consider how national issues involve trade-offs between short-term and long-term priorities.","You are an American. You are shown a timeline that begins with Christopher Columbus sailing from Spain (1492) on the left and ends with “Now” on the right. On this timeline, the founding of the United States is marked near the left end, suggesting that the U.S. has a long, established history. After viewing this timeline, you are asked to consider how national issues involve trade-offs between short-term and long-term priorities. Reflecting on this deep history, consider the responsibility to protect the environment and preserve this land for future generations. National issues often require balancing short-term gains with long-term stewardship and care.","After viewing the timeline and considering short-term vs. long-term national priorities, you are told that you could win a $50 bonus. You are then given the option to donate any amount of this potential bonus to an environmental organization, Environment America. How much of your potential $50 bonus would you like to donate to Environment America?",Any whole dollar amount from $0 to $50.,308,308,157,151,0,9.84,12.72,13.13,13.83,0.2478,1,0.0131,0.0234718685695147,0.4721281314304852
Hilton_1,Hilton et al. (2014),A tax can nudge: The impact of an environmentally motivated bonus/malus fiscal system on transport preferences,2014,assistance,reminder,conventional_lab,Green transportation,high,medium,medium,0,"You are a university student booking travel from Toulouse to Paris for a job interview. On one screen, the train and plane alternatives are shown with their respective fares, departure and arrival times, and total travel times. Select the alternative you would actually book.","You are a university student booking travel from Toulouse to Paris for a job interview. On one screen, the train and plane alternatives are shown with their respective fares, departure and arrival times, and total travel times. The screen also states: “Scientific data have established that certain human activities emit greenhouse gases. According to some recognized experts, this is inducing dangerous climate change for the planet. An important part of these emissions is due to transport. The train is a travel mode that emits little CO2 while the plane is a travel mode that emits large quantities of CO2.” Select the alternative you would actually book.",Which ticket do you book? Respond with one option only.,Train ticket (1); Plane ticket (0),863,863,434,429,1,0.302,,0.452,,0.311,1,0.0047,0.1766316389276761,0.4453683610723238
Kesternich_1,Kesternich et al. (2019),The power of active choice: Field experimental evidence on repeated contribution decisions to a carbon offsetting program,2019,structure,default,natural_field,Green transportation,low,high,medium,1,"You are booking a long-distance bus trip online. After choosing your ticket, you are asked whether you would like to offset the carbon emissions associated with your trip for a given price. You can choose “yes” to offset, choose “no” to decline, or click “continue” at the bottom of the page to proceed without making a choice. If you continue without choosing, you do not participate in the offsetting program. In the final cart, any offsetting expense would be included together with the other items you intend to buy.","You are booking a long-distance bus trip online. After choosing your ticket, you are asked whether you would like to offset the carbon emissions associated with your trip for a given price. You can choose “yes” to offset or choose “no” to decline. If you try to continue without making a choice, the decision screen is highlighted again and a message appears asking you to select whether you would like to offset your emissions before proceeding. In the final cart, any offsetting expense would be included together with the other items you intend to buy.",Did you choose to purchase the carbon offset for this booking?,"Yes (1), No (0)",9733,9733,4838,4895,1,0.177,,0.265,,0.213,1,0.0004,0.1738007203091989,0.2521992796908011
Klotz_1,Klotz et al. (2010),Unintended anchors: Building rating systems and energy performance goals for U.S. buildings,2010,structure,default,artefactual_field,Energy conservation,high,medium,medium,1,"You have just answered several questions about the benefits and incentives for achieving a 30% reduction in energy use in building design. Now, you are asked to set an energy performance goal for a large building project.","You have just answered several questions about the benefits and incentives for achieving a 90% reduction in energy use in building design. Now, you are asked to set an energy performance goal for a large building project.","What percentage reduction in energy use, relative to a standard baseline building, would you set as the target?",Open-ended numerical response: “__%” energy use reduction (0–100).,76,52,20,32,0,29.0,17.6,54.0,20.0,1.3073,1,0.0977,0.6946740727149918,1.919925927285008
Klotz_2,Klotz et al. (2010),Unintended anchors: Building rating systems and energy performance goals for U.S. buildings,2010,structure,default,artefactual_field,Energy conservation,high,medium,medium,1,"Earlier in a survey, you answered general questions about the benefits and incentives associated with reducing energy use in building design. You now turn to a separate task: setting an energy-performance goal for a large building project.","Earlier in a survey, you answered questions that used a 90% reduction in building energy use as the example while asking about its benefits and incentives. You now turn to a separate task: setting an energy-performance goal for a large building project.","For this project, what percentage reduction in energy use relative to a standard baseline building would you set as the goal?",Enter one percentage from 0% to 100%.,76,56,24,32,0,40.0,16.9,54.0,20.0,0.747,1,0.0779,0.1999628512321376,1.2940371487678624
Kuester_1,Kuester et al. (2015),The role of defaults in preventing innovation rejection,2015,structure,default,artefactual_field,Other,medium,low,low,0,You are selecting a battery for a new digital camera. The choices are a familiar traditional rechargeable battery and a new USB-rechargeable cell. Neither choice is selected.,You are selecting a battery for a new digital camera. The choices are a familiar traditional rechargeable battery and a new USB-rechargeable cell. The USB-rechargeable cell is selected. You may keep or change the selection.,Which battery would you choose for your new digital camera?,"USB cell (innovation) = 1, Traditional rechargeable battery (status quo) = 0",240,240,120,120,1,0.317,,0.9,,1.302,1,0.0202,1.0234367788489993,1.5805632211510008
Kuester_2,Kuester et al. (2015),The role of defaults in preventing innovation rejection,2015,structure,default,conventional_lab,Other,medium,low,low,0,You are choosing a battery for a new lamp. The options are a traditional rechargeable battery and a new USB cell that charges through a USB connection. Neither option is preselected.,You are choosing a battery for a new lamp. The lamp comes with a new USB cell that charges through a USB connection. You may switch to a traditional rechargeable battery.,Which battery do you choose for your lamp?,"USB cell (innovation) = 1, Traditional rechargeable battery (status quo) = 0",65,65,34,31,1,0.5,,0.71,,0.4334,1,0.0631,-0.0589373351532456,0.9257373351532456
Larrick_1,Larrick & Soll (2008),The MPG illusion,2008,information,translation,artefactual_field,Other,high,medium,medium,1,"A town operates 100 Type A vehicles rated at 15 miles per gallon (MPG) and 100 Type B vehicles rated at 34 MPG. Every vehicle travels 10,000 miles per year. The town can either replace all Type A vehicles with models rated at 19 MPG (Option 1), or replace all Type B vehicles with models rated at 44 MPG (Option 2).","A town operates 100 Type A vehicles that use 6.67 gallons per 100 miles and 100 Type B vehicles that use 2.94 gallons per 100 miles. Every vehicle travels 10,000 miles per year. The town can either replace all Type A vehicles with models that use 5.26 gallons per 100 miles (Option 1), or replace all Type B vehicles with models that use 2.27 gallons per 100 miles (Option 2).",Which replacement option would save more gasoline for the town? Respond with one option only.,Option 1—replace the Type A vehicles (1); Option 2—replace the Type B vehicles (0),171,171,78,93,1,0.25,,0.64,,0.8074,1,0.0255,0.4944188505233898,1.1203811494766105
Lofgren_1,Lofgren et al. (2012),Are experienced people affected by a pre-set default option: Results from a field experiment,2012,structure,default,natural_field,Energy conservation,low,high,medium,1,"You are registering for the 16th EAERE conference in Gothenburg. On page 2, the “CO2 compensation for flying” section shows the charge based on origin: €10 for travel within Europe or €40 from outside Europe. The radio button “I do not want to compensate for my CO2 emissions” is selected. You may retain that selection or select the applicable paid-compensation option before submitting the registration.","You are registering for the 16th EAERE conference in Gothenburg. On page 2, the “CO2 compensation for flying” section shows the charge based on origin: €10 for travel within Europe or €40 from outside Europe. Neither radio button is selected. You must select either the applicable paid-compensation option or “I do not want to compensate for my CO2 emissions” before submitting the registration.",Which radio button do you select before submitting the registration?,Applicable €10/€40 CO2-compensation option (1); “I do not want to compensate” (0),240,160,80,80,1,0.393,,0.468,,0.1516,1,0.0251,-0.1589166926260528,0.4621166926260528
Lofgren_2,Lofgren et al. (2012),Are experienced people affected by a pre-set default option: Results from a field experiment,2012,structure,default,natural_field,Energy conservation,low,high,medium,1,"You are an environmental economist registering online for the 16th EAERE conference in Gothenburg. On page 2, a section labeled “CO2 compensation for flying” shows the charge that applies to your origin: €10 within Europe or €40 outside Europe. The radio button for “I do not want to compensate for my CO2 emissions” is selected. You may keep it selected or select the applicable compensation option; the form requires a choice before registration can be completed.","You are an environmental economist registering online for the 16th EAERE conference in Gothenburg. On page 2, a section labeled “CO2 compensation for flying” shows the charge that applies to your origin: €10 within Europe or €40 outside Europe. The radio button for the applicable compensation option is selected. You may keep it selected or select “I do not want to compensate for my CO2 emissions”; the form requires a choice before registration can be completed.",Which option would you select on the registration form?,Pay the applicable CO2-compensation charge (1); Do not compensate (0),240,160,80,80,1,0.393,,0.432,,0.0792,0,0.025,-0.2306975161522808,0.3890975161522808
Marek_1,Marek (2018),Social learning under the labeling effect: Exploring travellers' behavior in social dilemmas,2018,structure,composition,conventional_lab,Green transportation,medium,high,high,1,"In a commuting-choice experiment, you receive 60 tokens that may be used for public or private transport. A public-transport trip costs 2 tokens and a private-transport trip costs 4 tokens. After the round, you see the choices of other group members and the group's total carbon emissions, which reduce your satisfaction score.","In a commuting-choice experiment, you receive 50 tokens that may be used for either form of transport and 30 additional tokens that may be used only for public transport and expire if unused. A public-transport trip costs 2 tokens and a private-transport trip costs 4 tokens. After the round, you see the choices of other group members and the group's total carbon emissions, which reduce your satisfaction score.",How many times do you want to choose public transportation for this round?,Please output a number (0 to 30).,120,120,60,60,0,10.27667,2.236351,11.76502,2.350689,0.6487,1,0.0351,0.2815008651884324,1.0158991348115678
McCaul_1,McCaul & Kopp (1982),Effects of goal setting and commitment on increasing metal recycling,1982,assistance,commitment,framed_field,Energy conservation,medium,high,high,1,You are a college student participating in a class project that asks you to collect aluminum cans for recycling for two weeks. Recycling proceeds will be donated to charity. Your name is not listed in the project’s campus-newspaper notice.,"You are a college student participating in a class project that asks you to collect aluminum cans for recycling for two weeks. Recycling proceeds will be donated to charity. On the participation form, you consent to have your name listed with the project in a campus-newspaper notice.","When the two-week period ends, how many cans did you actually turn in?",Enter a non-negative whole number.,55,55,28,27,0,35.65,27.21,37.85,24.38,0.0851,0,0.0728,-0.4438,0.614
McCaul_2,McCaul & Kopp (1982),Effects of goal setting and commitment on increasing metal recycling,1982,assistance,commitment,framed_field,Energy conservation,medium,medium,medium,1,You are a college student participating in a class project that asks you to collect aluminum cans for recycling for two weeks. Recycling proceeds will be donated to charity. The instructions do not state a numerical collection standard.,"You are a college student participating in a class project that asks you to collect aluminum cans for recycling for two weeks. Recycling proceeds will be donated to charity. The instructions ask you to use four cans per day as the collection standard; it is a goal, not a required quota.","When the two-week period ends, how many cans did you actually turn in?",Enter a non-negative whole number.,65,65,37,28,0,27.56,26.81,45.57,35.44,0.5846,1,0.0654,0.0835,1.0857
Meng_1,Meng & Trudel (2017),Using emoticons to encourage students to recycle,2017,assistance,reminder,conventional_lab,Recycling or reuse,low,high,high,1,"You test a pair of scissors by cutting a sheet of paper along dotted lines. After completing a survey about the scissors, you leave the laboratory and see two identical hallway bins, one labeled “Trash” and one labeled “Recycling.”","You test a pair of scissors by cutting a sheet of paper along dotted lines. After completing a survey about the scissors, you leave the laboratory and see two hallway bins. The Trash bin has a large red frowning-face sticker; the Recycling bin has a large green smiling-face sticker and the words “Thank you for recycling!” Several sheets of paper are visible in the Recycling bin.",Did you place the paper in the recycling bin or in the trash bin?,"Recycled (1), Trashed (0)",192,192,96,96,1,0.46,,0.62,,0.3225,1,0.0211,0.0377987862395981,0.6072012137604019
Mertens_1,Mertens et al. (2020),"This way, please: Uncovering the directional effects of attribute translations on decision making",2020,information,translation,artefactual_field,Energy conservation,high,medium,medium,0,"Here are two washing machine options to choose from: Option A is priced at CHF 1,059, consumes 160 kWh of energy and 9,400 liters of water annually, and is ranked among the top 100 popular models. Option B is priced at CHF 669, consumes 220 kWh of energy and 11,200 liters of water annually, and is ranked among the top 50 popular models.	","Here are two washing machine options to choose from: Option A is priced at CHF 1,059, consumes 160 kWh of energy and 9,400 liters of water annually, and is ranked among the top 100 popular models. Option B is priced at CHF 669, consumes 220 kWh of energy and 11,200 liters of water annually, and is ranked among the top 50 popular models. Moreover, Option A has an environmental friendliness rating of five stars, while Option B has a rating of one star.","You want to keep costs low because you are on a tight budget, but you also want to consider the environmental impact of your purchase. Based on the information provided, which washing machine would you choose?","Please select one option and respond with only the corresponding number: output 1 for Option A, output 0 for Option B.",356,193,104,89,1,0.5053667,,0.7558494,,0.5264,1,0.0216,0.2383452994186813,0.8144547005813185
Mertens_2,Mertens et al. (2020),"This way, please: Uncovering the directional effects of attribute translations on decision making",2020,information,translation,artefactual_field,Energy conservation,high,medium,medium,0,"Here are two washing machine options to choose from: Option A is priced at CHF 1,059 (12 monthly installments of CHF 88), consumes 160 kWh of energy and 9,400 liters of water annually, and is ranked among the top 100 popular models. Option B is priced at CHF 669 (12 monthly installments of CHF 56), consumes 220 kWh of energy and 11,200 liters of water annually, and is ranked among the top 50 popular models.","Here are two washing machine options to choose from: Option A is priced at CHF 1,059 (12 monthly installments of CHF 88), consumes 160 kWh of energy and 9,400 liters of water annually, and is ranked among the top 100 popular models. Option B is priced at CHF 669 (12 monthly installments of CHF 56), consumes 220 kWh of energy and 11,200 liters of water annually, and is ranked among the top 50 popular models. Moreover, Option A has an environmental friendliness rating of five stars, while Option B has a rating of one star.","You want to keep costs low because you are on a tight budget, but you also want to consider the environmental impact of your purchase. Based on the information provided, which washing machine would you choose?","Please select one option and respond with only the corresponding number: output 1 for Option A, output 0 for Option B.",345,168,79,89,1,0.4976636,,0.7251521,,0.4718,1,0.0246,0.1643916608335494,0.7792083391664506
Mertens_3,Mertens et al. (2020),"This way, please: Uncovering the directional effects of attribute translations on decision making",2020,information,translation,artefactual_field,Energy conservation,high,medium,medium,0,"Here are two washing machine options to choose from: Option A is priced at CHF 1,059 (12 monthly installments of CHF 88), consumes 160 kWh of energy and 9,400 liters of water annually, and is ranked among the top 100 popular models. Option B is priced at CHF 669 (12 monthly installments of CHF 56), consumes 220 kWh of energy and 11,200 liters of water annually, and is ranked among the top 50 popular models.	","Here are two washing machine options to choose from: Option A is priced at CHF 1,059 (12 monthly installments of CHF 88), consumes 160 kWh of energy and 9,400 liters of water annually, and is ranked among the top 100 popular models. Option B is priced at CHF 669 (12 monthly installments of CHF 56), consumes 220 kWh of energy and 11,200 liters of water annually, and is ranked among the top 50 popular models. Moreover, Option A has estimated operating costs of CHF 1,199.25, while Option B has estimated operating costs of CHF 1,539.00.","You want to keep costs low because you are on a tight budget, but you also want to consider the environmental impact of your purchase. Based on the information provided, which washing machine would you choose?","Please select one option and respond with only the corresponding number: output 1 for Option A, output 0 for Option B.",345,164,79,85,1,0.4976636,,0.6220044,,0.2512,1,0.0246,-0.0562083391664505,0.5586083391664505
Mertens_4,Mertens et al. (2020),"This way, please: Uncovering the directional effects of attribute translations on decision making",2020,information,translation,artefactual_field,Green transportation,high,medium,medium,0,"You are choosing between two washing machines. Option A: price CHF 1,059; annual energy use 160 kWh; annual water use 9,400 liters; popularity rank within the top 100. Option B: price CHF 669; annual energy use 220 kWh; annual water use 11,200 liters; popularity rank within the top 50.","You are choosing between two washing machines. Option A: price CHF 1,059; annual energy use 160 kWh; annual water use 9,400 liters; popularity rank within the top 100; annual carbon emissions 112 kg. Option B: price CHF 669; annual energy use 220 kWh; annual water use 11,200 liters; popularity rank within the top 50; annual carbon emissions 155 kg.",Which washing machine would you purchase?,Option A (1); Option B (0),356,188,104,84,1,0.5053667,,0.572697,,0.1352,1,0.0216,-0.1528547005813186,0.4232547005813186
Mertens_5,Mertens et al. (2020),"This way, please: Uncovering the directional effects of attribute translations on decision making",2020,information,translation,artefactual_field,Green transportation,high,medium,medium,0,"Here are two washing machine options to choose from: Option A is priced at CHF 1,059 (12 monthly installments of CHF 88), consumes 160 kWh of energy and 9,400 liters of water annually, and is ranked among the top 100 popular models. Option B is priced at CHF 669 (12 monthly installments of CHF 56), consumes 220 kWh of energy and 11,200 liters of water annually, and is ranked among the top 50 popular models.","Here are two washing machine options to choose from: Option A is priced at CHF 1,059 (12 monthly installments of CHF 88), consumes 160 kWh of energy and 9,400 liters of water annually, and is ranked among the top 100 popular models. Option B is priced at CHF 669 (12 monthly installments of CHF 56), consumes 220 kWh of energy and 11,200 liters of water annually, and is ranked among the top 50 popular models. Moreover, Option A produces 112 kg of carbon emissions annually (low emissions), while Option B produces 155 kg (high emissions).","You want to keep costs low because you are on a tight budget, but you also want to consider the environmental impact of your purchase. Based on the information provided, which washing machine would you choose?","Please select one option and respond with only the corresponding number: output 1 for Option A, output 0 for Option B.",345,171,79,92,1,0.4976636,,0.5621891,,0.1294,1,0.0236,-0.1716953805165089,0.4304953805165089
Nelson_1,Nelson et al. (2019),Nudging tourists to donate for conservation: Experimental evidence on soliciting voluntary contributions for coastal management,2019,structure,default,framed_field,Environmental donation,low,high,medium,1,"As part of our shared commitment to marine conservation, a small recommended donation of Rp.10,000 (approximately only $0.75 USD) to the Gili Eco Trust Foundation can be included to help protect the reefs and wildlife of Gili Trawangan and offset the environmental impact of your dive. You can check the box if you want to donate.","As part of our shared commitment to marine conservation, a small recommended donation of Rp.10,000 (approximately only $0.75 USD) to the Gili Eco Trust Foundation will be included to help protect the reefs and wildlife of Gili Trawangan and offset the environmental impact of your dive. You may uncheck the box if you prefer not to donate.",Did you make a donation?,"Yes (1), No (0)",275,275,146,129,1,0.48,,0.68,,0.4083,1,0.0149,0.169055906178768,0.647544093821232
Nelson_2,Nelson et al. (2019),Nudging tourists to donate for conservation: Experimental evidence on soliciting voluntary contributions for coastal management,2019,structure,default,framed_field,Environmental donation,low,high,medium,1,"As part of our shared commitment to marine conservation, a small recommended donation of Rp.50,000 (approximately only $3.75 USD) to the Gili Eco Trust Foundation can be included to help protect the reefs and wildlife of Gili Trawangan and offset the environmental impact of your dive. You can check the box if you want to donate.","As part of our shared commitment to marine conservation, a small recommended donation of Rp.50,000 (approximately only $3.75 USD) to the Gili Eco Trust Foundation will be included to help protect the reefs and wildlife of Gili Trawangan and offset the environmental impact of your dive. You may uncheck the box if you prefer not to donate.",Did you make a donation?,"Yes (1), No (0)",264,264,127,137,1,0.19,,0.32,,0.3005,1,0.0153,0.0580658440800469,0.5429341559199531
Nelson_3,Nelson et al. (2019),Nudging tourists to donate for conservation: Experimental evidence on soliciting voluntary contributions for coastal management,2019,structure,default,framed_field,Environmental donation,low,high,medium,1,"As part of our shared commitment to marine conservation, a small recommended donation of Rp.20,000 (approximately only $1.5 USD) to the Gili Eco Trust Foundation can be included to help protect the reefs and wildlife of Gili Trawangan and offset the environmental impact of your dive. You can check the box if you want to donate.","As part of our shared commitment to marine conservation, a small recommended donation of Rp.20,000 (approximately only $1.5 USD) to the Gili Eco Trust Foundation will be included to help protect the reefs and wildlife of Gili Trawangan and offset the environmental impact of your dive. You may uncheck the box if you prefer not to donate.",Did you make a donation?,"Yes (1), No (0)",198,198,101,97,1,0.45,,0.59,,0.2812,1,0.0204,0.0012611496377107,0.5611388503622893
Pichert_1,Pichert & Katsikopoulos (2008),Green defaults: Information presentation and pro-environmental behaviour,2008,structure,default,conventional_lab,Energy conservation,medium,medium,medium,0,"There are German cities whose inhabitants are supplied with conventionally produced electricity by default. Imagine you live in one of these cities. You are free to switch to green electricity without a switching fee, but your monthly premium would be higher. What is the maximum additional amount you would be willing to pay per month to switch to green electricity?","There are German cities whose inhabitants are supplied with green electricity by default. Imagine you live in one of these cities. You are free to switch to conventionally produced electricity without a switching fee, and your monthly premium would be lower. What is the minimum amount by which your monthly premium would have to be reduced for you to switch?",Enter the requested monthly amount.,A non-negative amount in euros.,65,65,41,24,0,6.59,5.53,13.0,7.34,1.0253,1,0.0741,0.4917720264002696,1.5588279735997306
Pichert_2,Pichert & Katsikopoulos (2008),Green defaults: Information presentation and pro-environmental behaviour,2008,structure,default,conventional_lab,Energy conservation,medium,medium,medium,0,"You live in a city where electricity is provided by a traditional (grey) energy supplier, which primarily uses fossil fuels and nuclear energy for power generation. You have the opportunity to switch to green electricity, which is the supply of renewable energy generation, but the monthly cost will be higher.","You live in a city where electricity is provided by a green energy supplier by default, which uses renewable energy to generate electricity. You can choose to switch back to traditional (grey) electricity, which will result in lower monthly costs, but you will give up green energy supply.",Would you prefer to use green power or grey power?,"Green power (1), gray power (0)",152,152,75,77,1,0.4133,,0.6753,,0.5325,1,0.0273,0.2086608025501705,0.8563391974498294
Rosenkranz_1,Rosenkranz et al. (2017),Using behavioral insights to make firms more energy efficient: A field experiment on the effects of improved information,2017,structure,effort,natural_field,Energy conservation,low,medium,medium,0,"You are the energy coordinator at a company participating in a Dutch voluntary energy-efficiency agreement. As in previous years, you receive a long invitation email with an impersonal salutation. Administrative information comes first; a general link in the second paragraph takes you to the government website, where you must navigate to your company’s annual feedback report.",You are the energy coordinator at a company participating in a Dutch voluntary energy-efficiency agreement. You receive a short invitation email with a personalized salutation. The first sentence says that your company’s annual feedback report is ready; a direct link immediately below opens the secure login page for that report.,"After reading the email, do you follow the link and complete the download of your company’s report?","Yes, download the report (1); No, do not download it (0)",339,339,170,169,1,0.14,,0.46,,0.7115,1,0.0125,0.4923693648558546,0.9306306351441452
Shealy_1,Shealy & Klotz (2015),Well-endowed rating systems: How modified defaults can lead to more sustainable performance,2015,structure,default,conventional_lab,Other,high,medium,medium,1,"You are tasked with designing an outdoor community center and stream restoration for a brownfield site. As you work, you use the standard Envision sustainability rating system, which starts at zero points in each category. Every time you choose a sustainable feature that exceeds industry norms, you earn additional points. There is no default endowment of sustainability points; your score increases only as you select higher sustainability options.","You are tasked with designing an outdoor community center and stream restoration for a brownfield site. This time, you use a modified version of the Envision sustainability rating system, which starts you with a default endowment of points at the “conserving” level for each category. As you make decisions, any choice below this high sustainability default causes you to lose points, while choices above the default can earn you even more points.",Please use the Envision rating system to select design features and achievement levels for the community center and stream restoration project.,Please output the points (0–100).,41,41,25,16,0,44.68,19.8,62.39,19.36,0.9021,1,0.1124,0.2450003337042243,1.5591996662957757
Shealy_2,Shealy et al. (2016),Using framing effects to inform more sustainable infrastructure design decisions,2016,structure,default,artefactual_field,Other,high,medium,medium,1,"You are using the Envision rating system to set quality-of-life achievement levels for a rural redevelopment project. Each credit begins at the industry-norm level, worth zero points. For every credit, you actively select an achievement level; points for levels above the industry norm are added to the project score.","You are using the Envision rating system to set quality-of-life achievement levels for a rural redevelopment project. Each credit begins at the “conserving” achievement level with its associated points. For every credit, you actively select an achievement level; choosing below “conserving” subtracts points from that starting score, while choosing above it adds points.","After selecting an achievement level for each quality-of-life credit, what total Envision score would your selections produce?",Enter a whole-number project score from 0 to 200.,65,65,33,32,0,81.0,40.1,112.0,42.6,0.7497,1,0.0659,0.2465577375296894,1.2528422624703106
Shealy_3,Shealy et al. (2018),Providing descriptive norms during engineering design can encourage more sustainable infrastructure,2018,information,social_reference,artefactual_field,Other,high,high,high,1,"You are a civil engineering designer serving as sustainability coordinator for an outdoor community center and stream-restoration project on a 0.4-acre brownfield site in rural Alabama. For each of ten Envision sustainability credits, you review the available achievement levels and set the project team’s intended level. No information about other projects appears beside the credits.","You are a civil engineering designer serving as sustainability coordinator for an outdoor community center and stream-restoration project on a 0.4-acre brownfield site in rural Alabama. For each of ten Envision sustainability credits, you review the available achievement levels and set the project team’s intended level. Beside each credit is a descriptive statement about other projects, for example: “More than 95% of Envision projects are able to meet the Restorative level of achievement for this credit.”","Considering the ten achievement levels you set, what total Envision score do you establish as the project’s design goal?",Enter one whole-number score from 0 to 200.,67,67,24,43,0,93.0,37.38,140.5,28.36,1.4916,1,0.0815,0.9320654667613704,2.051134533238629
Stikvoort_1,Stikvoort et al. (2016),"Thou shalt not sell nature: How taboo trade-offs can make us act pro-environmentally, to clear our conscience",2016,structure,composition,conventional_lab,Environmental donation,medium,high,high,1,"You are asked to imagine a situation where you must decide how to allocate some of your freely spendable money left after paying for living expenses, rent, and bills. You have two options: preventing the destruction of natural forests caused by human activity, which leads to the permanent extinction of plant and animal species, or preventing fishing practices that cause painful deaths of dolphins and other marine animals. You will make your choice privately, and afterward, you will be informed that you may choose to donate part of your participation fee (real money) to an environmental charity if you wish.","You are asked to imagine a situation where you must decide how to allocate some of your freely spendable money left after paying for living expenses, rent, and bills. You have two options: preventing the destruction of natural forests caused by human activity, which leads to the permanent extinction of plant and animal species, or spending the money on personal luxuries, such as high-end fashion items, designer furniture, or frequent leisure outings. You will make your choice privately. Later, you will be informed that you have the opportunity to donate a portion of your participation fee (real money) to an environmental charity, if you wish.","After considering the options above, you are given an envelope with your participation fee. You can choose to keep all of it, or anonymously donate any part of it (from 0 up to the full amount) to an environmental charity by placing the donation in a box.","Would you choose to donate? Yes (1), No (0)",138,138,69,69,1,0.36,,0.41,,0.1028,1,0.029,-0.2309698395603318,0.4365698395603318
Theotokis_1,Theotokis & Manganari (2015),The impact of choice architecture on consumer behavior: The role of guilt,2015,structure,default,conventional_lab,Other,low,low,low,0,Paper account statements are selected by default. You may opt in to electronic statements instead.,You must actively choose between electronic statements and paper account statements before proceeding. Neither option is selected by default.,What service would you choose?,electronic statements（1）paper account statements（0）,107,72,36,36,1,0.56,,0.79,,0.4984,1,0.0573,0.0292352203907743,0.9675647796092256
Theotokis_2,Theotokis & Manganari (2015),The impact of choice architecture on consumer behavior: The role of guilt,2015,structure,default,conventional_lab,Other,low,low,low,0,"By default, you will receive e-statements. However, if you prefer, you can opt out and receive paper statements instead, which offer a tangible, easy-to-organize record that many find more trustworthy and easier to reference.","Please choose one of the following billing options: e-statements or paper statements. While e-statements offer convenience, paper statements provide a reliable physical copy that is easier to review, file, and keep for your records. You must make a choice to proceed.",What service would you choose?,electronic statements（1）paper account statements（0）,107,71,35,36,1,0.7,,0.79,,0.2072,1,0.0567,-0.2595019553562604,0.6739019553562604
Yeomans_1,Yeomans & Herberich (2014),An experimental test of the effect of negative social norms on energy-efficient investments,2014,information,social_reference,framed_field,Energy conservation,low,high,high,1,"While you are refueling at a Chicago gas station, you see a pump-side poster about tire inflation. It says that tires below 33 psi waste fuel, that inflation costs $0.50, and that an attendant will inflate the tires for you if you choose the service today. The air pump and attendant are available now.","While you are refueling at a Chicago gas station, you see a pump-side poster about tire inflation. It says that more than 70% of Chicago drivers are wasting fuel with tires below 33 psi, that inflation costs $0.50, and that an attendant will inflate the tires for you if you choose the service today. The air pump and attendant are available now.",Would you purchase the $0.50 tire-inflation service now?,"Yes, purchase the service (1); No, do not purchase it (0)",77,77,43,34,1,0.326,,0.676,,0.7151,1,0.056,0.2512878678183686,1.1789121321816314
Yeomans_2,Yeomans & Herberich (2014),An experimental test of the effect of negative social norms on energy-efficient investments,2014,information,social_reference,framed_field,Energy conservation,low,high,high,1,"You are at a gas station, pumping gas. A poster near the pump says that you could be wasting fuel with tires below 33 psi, encourages you to save the earth and save on gas, and states that you can inflate your tires today for only $0.50. The air pump is available to use.","You are at a gas station, pumping gas. A poster near the pump says that more than 70% of Chicago drivers are wasting fuel with tires below 33 psi, encourages you to save the earth and save on gas, and states that you can inflate your tires today for only $0.50. The air pump is available to use.",Did you inflate your tires? ,"Yes (1), No (0)",77,77,32,45,1,0.031,,0.111,,0.3253,1,0.0542,-0.1309971269705975,0.7815971269705975
Yeomans_3,Yeomans & Herberich (2014),An experimental test of the effect of negative social norms on energy-efficient investments,2014,information,social_reference,framed_field,Energy conservation,low,high,high,1,"At a gas station, a poster by the pump states that tires below 33 psi can waste fuel, displays the messages “save the earth” and “save on gas,” and states that the air pump is free to use that day.","At a gas station, a poster by the pump states that more than 70% of Chicago drivers have tires below 33 psi and may be wasting fuel, displays the messages “save the earth” and “save on gas,” and states that the air pump is free to use that day.",Did you inflate your tires? ,"Yes (1), No (0)",67,67,31,36,1,0.581,,0.278,,-0.6228,-1,0.0629,-1.114356466564789,-0.131243533435211